article_id,index,politics,llm_assessment,llm_confidence,llm_model,llm_error
102,315,Independent,is-not-biased,95,qwen3:4b,
95,1008,Liberal,is-not-biased,95,qwen3:4b,
112,630,Independent,is-not-biased,95,qwen3:4b,
19,316,Liberal,is-not-biased,95,qwen3:4b,
105,631,Liberal,is-not-biased,90,qwen3:4b,
246,253,Independent,is-biased,85,qwen3:4b,
112,1009,Liberal,is-not-biased,95,qwen3:4b,
0,1827,Conservative,is-not-biased,90,qwen3:4b,
210,317,Conservative,is-not-biased,90,qwen3:4b,
199,255,Conservative,is-not-biased,95,qwen3:4b,
16,1010,Liberal,is-not-biased,95,qwen3:4b,
116,1828,Liberal,is-not-biased,95,qwen3:4b,
226,318,Conservative,is-not-biased,95,qwen3:4b,
181,254,Liberal,is-not-biased,90,qwen3:4b,
217,632,Independent,is-not-biased,90,qwen3:4b,
194,633,Liberal,is-not-biased,95,qwen3:4b,
94,1011,Independent,is-not-biased,95,qwen3:4b,
205,1829,Liberal,is-not-biased,90,qwen3:4b,
261,319,Liberal,is-not-biased,95,qwen3:4b,
22,634,Conservative,is-not-biased,95,qwen3:4b,
205,1830,Independent,is-not-biased,95,qwen3:4b,
101,1012,Conservative,is-not-biased,95,qwen3:4b,
284,256,Conservative,is-not-biased,90,qwen3:4b,
102,320,Independent,is-not-biased,90,qwen3:4b,
154,257,Conservative,is-not-biased,95,qwen3:4b,
38,1013,Liberal,is-not-biased,95,qwen3:4b,
59,1831,Independent,is-not-biased,90,qwen3:4b,
50,1832,Liberal,is-not-biased,95,qwen3:4b,
240,258,Conservative,is-not-biased,95,qwen3:4b,
187,1014,Independent,is-not-biased,95,qwen3:4b,
63,259,Independent,is-not-biased,95,qwen3:4b,
142,636,Other,is-not-biased,90,qwen3:4b,
0,321,Conservative,is-not-biased,90,qwen3:4b,
159,635,Conservative,is-not-biased,85,qwen3:4b,
215,1015,Liberal,is-not-biased,95,qwen3:4b,
205,1833,Independent,is-not-biased,95,qwen3:4b,
119,322,Conservative,is-not-biased,90,qwen3:4b,
121,260,Liberal,is-not-biased,95,qwen3:4b,
109,638,Independent,is-not-biased,95,qwen3:4b,
193,1834,Conservative,is-not-biased,95,qwen3:4b,
121,323,Other,is-not-biased,90,qwen3:4b,
195,1835,Liberal,is-not-biased,95,qwen3:4b,
121,637,Conservative,is-not-biased,85,qwen3:4b,
42,324,Liberal,is-not-biased,90,qwen3:4b,
262,1016,Conservative,is-not-biased,95,qwen3:4b,
150,639,Independent,is-not-biased,95,qwen3:4b,
72,261,Conservative,is-biased,85,qwen3:4b,
172,640,Independent,is-not-biased,95,qwen3:4b,
230,1017,Conservative,is-not-biased,100,qwen3:4b,
115,1837,Liberal,is-not-biased,95,qwen3:4b,
205,1836,Independent,is-not-biased,90,qwen3:4b,
279,262,Conservative,is-not-biased,90,qwen3:4b,
165,325,Conservative,is-not-biased,90,qwen3:4b,
180,263,Conservative,is-not-biased,95,qwen3:4b,
111,1018,Conservative,is-not-biased,95,qwen3:4b,
108,1019,Liberal,is-not-biased,95,qwen3:4b,
116,1838,Liberal,is-not-biased,90,qwen3:4b,
118,326,Conservative,is-not-biased,95,qwen3:4b,
25,264,Conservative,is-not-biased,90,qwen3:4b,
173,327,Liberal,is-not-biased,95,qwen3:4b,
153,642,Liberal,is-not-biased,95,qwen3:4b,
115,1839,Conservative,is-not-biased,95,qwen3:4b,
125,641,Conservative,is-not-biased,90,qwen3:4b,
172,643,Independent,is-not-biased,95,qwen3:4b,
205,1020,Other,is-not-biased,90,qwen3:4b,
271,329,Liberal,is-not-biased,95,qwen3:4b,
101,328,Conservative,is-not-biased,90,qwen3:4b,
58,265,Independent,is-not-biased,95,qwen3:4b,
122,1022,Liberal,is-not-biased,95,qwen3:4b,
110,1840,Independent,is-not-biased,95,qwen3:4b,
167,1021,Conservative,is-not-biased,90,qwen3:4b,
115,1841,Liberal,is-not-biased,95,qwen3:4b,
145,266,Conservative,is-not-biased,95,qwen3:4b,
161,644,Conservative,is-not-biased,95,qwen3:4b,
141,267,Conservative,is-not-biased,90,qwen3:4b,
265,1842,Independent,is-not-biased,95,qwen3:4b,
242,330,Liberal,is-not-biased,90,qwen3:4b,
203,645,Liberal,is-not-biased,95,qwen3:4b,
59,268,Liberal,is-not-biased,95,qwen3:4b,
133,331,Liberal,is-not-biased,95,qwen3:4b,
195,1023,Liberal,is-not-biased,95,qwen3:4b,
156,646,Conservative,is-not-biased,95,qwen3:4b,
151,1024,Liberal,is-not-biased,95,qwen3:4b,
112,1843,Liberal,is-not-biased,90,qwen3:4b,
115,1844,Conservative,is-not-biased,95,qwen3:4b,
239,332,Liberal,is-not-biased,90,qwen3:4b,
128,269,Conservative,is-not-biased,95,qwen3:4b,
9,1025,Conservative,is-not-biased,90,qwen3:4b,
58,647,Liberal,is-not-biased,95,qwen3:4b,
277,270,Other,is-not-biased,95,qwen3:4b,
87,648,Liberal,is-not-biased,95,qwen3:4b,
59,1845,Liberal,is-not-biased,95,qwen3:4b,
281,1026,Liberal,is-not-biased,90,qwen3:4b,
205,334,Liberal,is-not-biased,95,qwen3:4b,
131,271,Liberal,is-not-biased,95,qwen3:4b,
3,333,Liberal,is-not-biased,95,qwen3:4b,
179,649,Liberal,is-not-biased,90,qwen3:4b,
94,272,Liberal,is-not-biased,95,qwen3:4b,
86,1028,Liberal,is-not-biased,95,qwen3:4b,
265,1847,Liberal,is-not-biased,90,qwen3:4b,
138,650,Liberal,is-not-biased,90,qwen3:4b,
110,1846,Liberal,is-not-biased,95,qwen3:4b,
22,335,Conservative,is-not-biased,95,qwen3:4b,
2,336,Liberal,is-not-biased,95,qwen3:4b,
161,1027,Conservative,is-not-biased,90,qwen3:4b,
77,1029,Liberal,is-not-biased,95,qwen3:4b,
157,273,Conservative,is-not-biased,95,qwen3:4b,
192,1848,Liberal,is-not-biased,95,qwen3:4b,
7,651,Liberal,is-not-biased,90,qwen3:4b,
208,274,Liberal,is-not-biased,95,qwen3:4b,
158,652,Independent,is-not-biased,95,qwen3:4b,
193,1849,Independent,is-not-biased,95,qwen3:4b,
241,337,Conservative,is-not-biased,90,qwen3:4b,
205,1031,Liberal,is-not-biased,90,qwen3:4b,
92,276,Liberal,is-not-biased,95,qwen3:4b,
36,338,Conservative,is-not-biased,95,qwen3:4b,
59,1850,Conservative,is-not-biased,90,qwen3:4b,
262,275,Liberal,is-not-biased,95,qwen3:4b,
75,339,Independent,is-not-biased,95,qwen3:4b,
237,1030,Liberal,is-not-biased,80,qwen3:4b,
115,1851,Liberal,is-not-biased,95,qwen3:4b,
234,653,Independent,is-not-biased,90,qwen3:4b,
90,654,Conservative,is-not-biased,90,qwen3:4b,
275,1032,Conservative,is-not-biased,95,qwen3:4b,
62,340,Liberal,is-not-biased,90,qwen3:4b,
141,278,Liberal,is-not-biased,95,qwen3:4b,
115,656,Independent,is-not-biased,95,qwen3:4b,
116,655,Conservative,is-not-biased,90,qwen3:4b,
136,341,Independent,is-not-biased,95,qwen3:4b,
162,1033,Liberal,is-not-biased,90,qwen3:4b,
222,1852,Liberal,is-not-biased,95,qwen3:4b,
116,1853,Conservative,is-not-biased,90,qwen3:4b,
145,1034,Liberal,is-not-biased,90,qwen3:4b,
279,279,Conservative,is-not-biased,90,qwen3:4b,
227,277,Liberal,is-biased,75,qwen3:4b,
132,1035,Other,is-not-biased,90,qwen3:4b,
261,657,Conservative,is-not-biased,95,qwen3:4b,
73,342,Independent,is-not-biased,85,qwen3:4b,
150,343,Independent,is-not-biased,90,qwen3:4b,
152,280,Liberal,is-not-biased,90,qwen3:4b,
101,1036,Independent,is-not-biased,95,qwen3:4b,
210,659,Conservative,is-not-biased,90,qwen3:4b,
203,344,Liberal,is-not-biased,95,qwen3:4b,
159,1037,Independent,is-not-biased,95,qwen3:4b,
60,1855,Conservative,is-not-biased,95,qwen3:4b,
54,1854,Independent,is-biased,90,qwen3:4b,
140,658,Conservative,is-not-biased,90,qwen3:4b,
195,1856,Independent,is-not-biased,90,qwen3:4b,
287,281,Liberal,is-not-biased,95,qwen3:4b,
111,1857,Conservative,is-not-biased,95,qwen3:4b,
129,345,Liberal,is-not-biased,95,qwen3:4b,
244,1038,Liberal,is-not-biased,95,qwen3:4b,
130,283,Independent,is-not-biased,95,qwen3:4b,
121,660,Conservative,is-not-biased,90,qwen3:4b,
98,282,Liberal,is-not-biased,95,qwen3:4b,
155,347,Liberal,is-not-biased,95,qwen3:4b,
281,661,Conservative,is-not-biased,95,qwen3:4b,
278,1858,Independent,is-not-biased,90,qwen3:4b,
275,346,Independent,is-not-biased,90,qwen3:4b,
119,1039,Conservative,is-not-biased,90,qwen3:4b,
79,1040,Liberal,is-not-biased,100,qwen3:4b,
105,662,Independent,is-not-biased,95,qwen3:4b,
105,284,Conservative,is-not-biased,95,qwen3:4b,
244,285,Independent,is-not-biased,95,qwen3:4b,
121,663,Liberal,is-not-biased,90,qwen3:4b,
115,1041,Liberal,is-not-biased,90,qwen3:4b,
116,286,Liberal,is-not-biased,95,qwen3:4b,
116,1859,Liberal,is-not-biased,95,qwen3:4b,
146,349,Conservative,is-not-biased,95,qwen3:4b,
93,348,Independent,is-not-biased,95,qwen3:4b,
207,1860,Liberal,is-biased,90,qwen3:4b,
22,1042,Independent,is-not-biased,95,qwen3:4b,
114,1861,Liberal,is-not-biased,95,qwen3:4b,
125,665,Independent,is-not-biased,95,qwen3:4b,
166,350,Independent,is-not-biased,95,qwen3:4b,
181,287,Conservative,is-not-biased,90,qwen3:4b,
157,1043,Liberal,is-not-biased,90,qwen3:4b,
247,664,Liberal,is-not-biased,95,qwen3:4b,
145,288,Conservative,is-not-biased,95,qwen3:4b,
43,351,Liberal,is-not-biased,90,qwen3:4b,
205,1862,Other,is-not-biased,90,qwen3:4b,
58,666,Other,is-not-biased,90,qwen3:4b,
195,352,Conservative,is-not-biased,95,qwen3:4b,
267,289,Liberal,is-not-biased,95,qwen3:4b,
114,1863,Conservative,is-not-biased,90,qwen3:4b,
146,667,Liberal,is-not-biased,95,qwen3:4b,
122,1045,Liberal,is-not-biased,90,qwen3:4b,
180,1044,Independent,is-biased,80,qwen3:4b,
27,290,Conservative,is-not-biased,90,qwen3:4b,
258,1046,Liberal,is-not-biased,95,qwen3:4b,
157,353,Independent,is-not-biased,95,qwen3:4b,
276,1864,Independent,is-not-biased,95,qwen3:4b,
12,668,Conservative,is-biased,85,qwen3:4b,
152,354,Conservative,is-not-biased,95,qwen3:4b,
99,355,Liberal,is-not-biased,95,qwen3:4b,
115,1865,Liberal,is-not-biased,90,qwen3:4b,
198,669,Liberal,is-not-biased,95,qwen3:4b,
176,670,Liberal,is-not-biased,90,qwen3:4b,
143,1047,Liberal,is-not-biased,85,qwen3:4b,
139,292,Conservative,is-not-biased,95,qwen3:4b,
269,293,Conservative,is-not-biased,95,qwen3:4b,
265,1866,Liberal,is-not-biased,90,qwen3:4b,
180,291,Liberal,is-not-biased,90,qwen3:4b,
151,1049,Liberal,is-not-biased,95,qwen3:4b,
265,1048,Liberal,is-not-biased,95,qwen3:4b,
59,1867,Liberal,is-not-biased,95,qwen3:4b,
114,1868,Liberal,is-not-biased,95,qwen3:4b,
184,294,Liberal,is-not-biased,95,qwen3:4b,
230,671,Conservative,is-not-biased,90,qwen3:4b,
20,356,Liberal,is-not-biased,90,qwen3:4b,
140,672,Liberal,is-not-biased,95,qwen3:4b,
215,1869,Independent,is-not-biased,95,qwen3:4b,
100,295,Liberal,is-not-biased,90,qwen3:4b,
76,296,Liberal,is-not-biased,95,qwen3:4b,
160,357,Conservative,is-not-biased,100,qwen3:4b,
153,1051,Liberal,is-not-biased,95,qwen3:4b,
123,358,Conservative,is-biased,85,qwen3:4b,
204,1050,Conservative,is-not-biased,85,qwen3:4b,
84,673,Conservative,is-not-biased,90,qwen3:4b,
113,1870,Conservative,is-not-biased,95,qwen3:4b,
277,1052,Liberal,is-not-biased,95,qwen3:4b,
116,359,Liberal,is-not-biased,95,qwen3:4b,
263,360,Conservative,is-not-biased,95,qwen3:4b,
196,674,Conservative,is-not-biased,90,qwen3:4b,
28,1871,Conservative,is-not-biased,95,qwen3:4b,
101,675,Liberal,is-not-biased,95,qwen3:4b,
149,298,Liberal,is-not-biased,95,qwen3:4b,
92,1053,Conservative,is-not-biased,95,qwen3:4b,
22,1054,Independent,is-not-biased,95,qwen3:4b,
171,361,Independent,is-not-biased,95,qwen3:4b,
207,1872,Liberal,is-biased,85,qwen3:4b,
59,1873,Independent,is-not-biased,95,qwen3:4b,
73,297,Liberal,is-not-biased,85,qwen3:4b,
129,677,Liberal,is-not-biased,95,qwen3:4b,
113,676,Liberal,is-not-biased,95,qwen3:4b,
235,299,Liberal,is-not-biased,85,qwen3:4b,
62,1874,Independent,is-not-biased,95,qwen3:4b,
25,362,Liberal,is-not-biased,95,qwen3:4b,
16,300,Liberal,is-not-biased,95,qwen3:4b,
142,1055,Conservative,is-not-biased,90,qwen3:4b,
122,363,Independent,is-biased,70,qwen3:4b,
67,678,Conservative,is-not-biased,90,qwen3:4b,
208,1056,Conservative,is-not-biased,95,qwen3:4b,
262,1057,Liberal,is-not-biased,95,qwen3:4b,
114,364,Liberal,is-not-biased,95,qwen3:4b,
54,1875,Conservative,is-not-biased,90,qwen3:4b,
36,301,Liberal,is-not-biased,95,qwen3:4b,
95,679,Liberal,is-not-biased,95,qwen3:4b,
42,680,Independent,is-not-biased,95,qwen3:4b,
112,1876,Conservative,is-not-biased,90,qwen3:4b,
101,365,Conservative,is-not-biased,95,qwen3:4b,
263,303,Conservative,is-not-biased,95,qwen3:4b,
128,302,Conservative,is-not-biased,95,qwen3:4b,
59,1058,Conservative,is-not-biased,95,qwen3:4b,
184,681,Independent,is-not-biased,95,qwen3:4b,
52,1877,Liberal,is-not-biased,95,qwen3:4b,
193,1878,Conservative,is-not-biased,95,qwen3:4b,
156,304,Liberal,is-not-biased,95,qwen3:4b,
142,682,Conservative,is-not-biased,95,qwen3:4b,
40,366,Liberal,is-not-biased,90,qwen3:4b,
115,1879,Independent,is-not-biased,95,qwen3:4b,
210,1060,Conservative,is-not-biased,95,qwen3:4b,
110,1059,Independent,is-not-biased,95,qwen3:4b,
265,305,Liberal,is-not-biased,95,qwen3:4b,
220,367,Liberal,is-not-biased,95,qwen3:4b,
210,683,Liberal,is-not-biased,90,qwen3:4b,
97,368,Liberal,is-not-biased,95,qwen3:4b,
192,369,Conservative,is-not-biased,95,qwen3:4b,
114,1880,Liberal,is-not-biased,95,qwen3:4b,
136,684,Liberal,is-not-biased,95,qwen3:4b,
147,1061,Independent,is-not-biased,100,qwen3:4b,
227,306,Liberal,is-not-biased,95,qwen3:4b,
116,1881,Conservative,is-not-biased,95,qwen3:4b,
263,370,Liberal,is-not-biased,95,qwen3:4b,
237,1062,Conservative,is-not-biased,95,qwen3:4b,
35,307,Liberal,is-not-biased,95,qwen3:4b,
65,685,Liberal,is-not-biased,95,qwen3:4b,
2,371,Independent,is-not-biased,95,qwen3:4b,
121,308,Independent,is-not-biased,95,qwen3:4b,
152,1063,Liberal,is-not-biased,90,qwen3:4b,
110,1882,Liberal,is-not-biased,95,qwen3:4b,
22,1064,Conservative,is-not-biased,95,qwen3:4b,
22,309,Liberal,is-not-biased,95,qwen3:4b,
145,686,Liberal,is-not-biased,90,qwen3:4b,
211,1883,Independent,is-not-biased,95,qwen3:4b,
2,687,Liberal,is-not-biased,100,qwen3:4b,
40,1065,Independent,is-not-biased,95,qwen3:4b,
61,1884,Conservative,is-not-biased,90,qwen3:4b,
129,310,Conservative,is-not-biased,90,qwen3:4b,
153,373,Conservative,is-not-biased,90,qwen3:4b,
91,372,Liberal,is-not-biased,90,qwen3:4b,
60,1066,Liberal,is-not-biased,95,qwen3:4b,
165,688,Liberal,is-not-biased,90,qwen3:4b,
114,1885,Conservative,is-not-biased,95,qwen3:4b,
63,374,Other,is-not-biased,95,qwen3:4b,
241,689,Liberal,is-not-biased,95,qwen3:4b,
115,311,Conservative,is-not-biased,95,qwen3:4b,
229,1067,Independent,is-not-biased,95,qwen3:4b,
86,690,Conservative,is-not-biased,95,qwen3:4b,
119,312,Liberal,is-not-biased,95,qwen3:4b,
112,313,Independent,is-not-biased,95,qwen3:4b,
125,375,Liberal,is-not-biased,95,qwen3:4b,
54,1886,Conservative,is-biased,85,qwen3:4b,
230,1068,Conservative,is-not-biased,90,qwen3:4b,
219,691,Independent,is-not-biased,95,qwen3:4b,
86,1069,Conservative,is-not-biased,95,qwen3:4b,
35,1887,Independent,is-not-biased,90,qwen3:4b,
154,314,Conservative,is-not-biased,95,qwen3:4b,
230,377,Conservative,is-not-biased,95,qwen3:4b,
244,692,Liberal,is-not-biased,90,qwen3:4b,
9,376,Liberal,is-not-biased,95,qwen3:4b,
210,1070,Independent,is-not-biased,95,qwen3:4b,
0,1888,Conservative,is-not-biased,90,qwen3:4b,
268,1889,Independent,is-not-biased,95,qwen3:4b,
146,126,Liberal,is-not-biased,100,qwen3:4b,
197,1197,Liberal,is-not-biased,90,qwen3:4b,
211,127,Conservative,is-not-biased,95,qwen3:4b,
192,1953,Liberal,is-not-biased,90,qwen3:4b,
37,2080,Liberal,is-not-biased,90,qwen3:4b,
157,1198,Liberal,is-not-biased,90,qwen3:4b,
197,128,Liberal,is-not-biased,95,qwen3:4b,
113,1954,Conservative,is-not-biased,90,qwen3:4b,
259,2079,Conservative,is-not-biased,90,qwen3:4b,
9,1199,Conservative,is-not-biased,90,qwen3:4b,
19,1955,Conservative,is-not-biased,90,qwen3:4b,
112,1956,Independent,is-not-biased,95,qwen3:4b,
21,1200,Liberal,is-not-biased,95,qwen3:4b,
61,2082,Conservative,is-not-biased,95,qwen3:4b,
222,2081,Independent,is-not-biased,90,qwen3:4b,
119,130,Liberal,is-not-biased,95,qwen3:4b,
123,129,Conservative,is-not-biased,95,qwen3:4b,
215,2083,Liberal,is-not-biased,95,qwen3:4b,
7,1202,Independent,is-not-biased,95,qwen3:4b,
279,1201,Liberal,is-not-biased,95,qwen3:4b,
51,1957,Conservative,is-not-biased,85,qwen3:4b,
276,1958,Independent,is-not-biased,95,qwen3:4b,
115,2084,Independent,is-not-biased,90,qwen3:4b,
203,1203,Conservative,is-not-biased,95,qwen3:4b,
45,1959,Liberal,is-not-biased,95,qwen3:4b,
269,2085,Liberal,is-not-biased,95,qwen3:4b,
69,131,Conservative,is-not-biased,95,qwen3:4b,
142,133,Liberal,is-not-biased,95,qwen3:4b,
169,1204,Liberal,is-not-biased,90,qwen3:4b,
247,132,Conservative,is-not-biased,90,qwen3:4b,
113,1961,Liberal,is-not-biased,95,qwen3:4b,
110,1960,Independent,is-not-biased,95,qwen3:4b,
5,134,Conservative,is-not-biased,95,qwen3:4b,
113,2087,Liberal,is-not-biased,95,qwen3:4b,
54,1205,Liberal,is-not-biased,95,qwen3:4b,
211,1962,Independent,is-not-biased,95,qwen3:4b,
278,2086,Conservative,is-not-biased,90,qwen3:4b,
224,135,Liberal,is-not-biased,90,qwen3:4b,
112,2088,Liberal,is-not-biased,95,qwen3:4b,
272,136,Liberal,is-not-biased,95,qwen3:4b,
252,1206,Liberal,is-not-biased,95,qwen3:4b,
59,1963,Conservative,is-not-biased,90,qwen3:4b,
129,1208,Liberal,is-not-biased,95,qwen3:4b,
115,1964,Liberal,is-not-biased,95,qwen3:4b,
111,2089,Liberal,is-not-biased,90,qwen3:4b,
178,137,Liberal,is-not-biased,90,qwen3:4b,
62,2090,Conservative,is-not-biased,95,qwen3:4b,
133,1209,Liberal,is-not-biased,95,qwen3:4b,
112,1965,Conservative,is-not-biased,90,qwen3:4b,
207,1207,Liberal,is-not-biased,90,qwen3:4b,
27,1966,Independent,is-not-biased,90,qwen3:4b,
195,2091,Liberal,is-not-biased,90,qwen3:4b,
166,1210,Conservative,is-not-biased,90,qwen3:4b,
121,140,Independent,is-not-biased,95,qwen3:4b,
263,139,Conservative,is-not-biased,90,qwen3:4b,
181,138,Liberal,is-not-biased,95,qwen3:4b,
74,1211,Conservative,is-not-biased,90,qwen3:4b,
59,2092,Conservative,is-not-biased,95,qwen3:4b,
19,2093,Conservative,is-not-biased,95,qwen3:4b,
129,141,Independent,is-not-biased,95,qwen3:4b,
111,1968,Conservative,is-not-biased,95,qwen3:4b,
123,142,Liberal,is-not-biased,95,qwen3:4b,
13,1967,Liberal,is-not-biased,95,qwen3:4b,
19,2094,Conservative,is-not-biased,90,qwen3:4b,
133,1213,Conservative,is-biased,75,qwen3:4b,
195,2095,Independent,is-not-biased,95,qwen3:4b,
266,1212,Conservative,is-not-biased,90,qwen3:4b,
59,1969,Liberal,is-not-biased,95,qwen3:4b,
86,143,Liberal,is-not-biased,95,qwen3:4b,
167,1214,Liberal,is-not-biased,95,qwen3:4b,
184,144,Liberal,is-not-biased,95,qwen3:4b,
2,1970,Conservative,is-not-biased,90,qwen3:4b,
100,1215,Conservative,is-not-biased,95,qwen3:4b,
185,145,Conservative,is-not-biased,95,qwen3:4b,
116,1971,Liberal,is-not-biased,90,qwen3:4b,
229,1216,Liberal,is-not-biased,90,qwen3:4b,
114,2097,Conservative,is-not-biased,90,qwen3:4b,
207,2096,Conservative,is-biased,90,qwen3:4b,
115,1973,Independent,is-not-biased,95,qwen3:4b,
245,2098,Conservative,is-not-biased,95,qwen3:4b,
160,146,Liberal,is-not-biased,95,qwen3:4b,
111,1972,Liberal,is-not-biased,90,qwen3:4b,
167,1217,Conservative,is-not-biased,90,qwen3:4b,
192,2099,Independent,is-not-biased,95,qwen3:4b,
45,2100,Independent,is-not-biased,95,qwen3:4b,
45,1974,Independent,is-not-biased,95,qwen3:4b,
225,1218,Conservative,is-not-biased,90,qwen3:4b,
92,1219,Liberal,is-not-biased,95,qwen3:4b,
141,148,Conservative,is-not-biased,95,qwen3:4b,
237,147,Liberal,is-not-biased,85,qwen3:4b,
112,1975,Liberal,is-not-biased,95,qwen3:4b,
57,1976,Independent,is-not-biased,95,qwen3:4b,
141,149,Liberal,is-not-biased,95,qwen3:4b,
50,2101,Conservative,is-not-biased,90,qwen3:4b,
123,1220,Independent,is-not-biased,95,qwen3:4b,
269,1977,Independent,is-not-biased,95,qwen3:4b,
59,2102,Conservative,is-not-biased,95,qwen3:4b,
161,150,Liberal,is-not-biased,90,qwen3:4b,
114,2103,Conservative,is-not-biased,90,qwen3:4b,
90,1222,Liberal,is-not-biased,95,qwen3:4b,
259,1978,Liberal,is-not-biased,90,qwen3:4b,
185,1221,Liberal,is-not-biased,80,qwen3:4b,
140,1223,Independent,is-not-biased,95,qwen3:4b,
112,2104,Liberal,is-not-biased,90,qwen3:4b,
179,152,Independent,is-not-biased,95,qwen3:4b,
165,151,Liberal,is-not-biased,95,qwen3:4b,
211,1979,Independent,is-not-biased,95,qwen3:4b,
121,153,Liberal,is-not-biased,95,qwen3:4b,
50,2105,Liberal,is-not-biased,95,qwen3:4b,
66,154,Independent,is-not-biased,95,qwen3:4b,
265,1224,Conservative,is-not-biased,90,qwen3:4b,
114,1981,Conservative,is-not-biased,95,qwen3:4b,
50,2106,Liberal,is-not-biased,90,qwen3:4b,
223,155,Conservative,is-not-biased,90,qwen3:4b,
245,1980,Liberal,is-not-biased,85,qwen3:4b,
101,1226,Conservative,is-not-biased,95,qwen3:4b,
28,2107,Independent,is-not-biased,90,qwen3:4b,
98,1225,Liberal,is-biased,70,qwen3:4b,
144,1227,Conservative,is-not-biased,95,qwen3:4b,
192,2108,Liberal,is-not-biased,90,qwen3:4b,
54,1982,Liberal,is-not-biased,90,qwen3:4b,
211,157,Independent,is-not-biased,95,qwen3:4b,
114,2109,Liberal,is-not-biased,95,qwen3:4b,
110,1983,Liberal,is-not-biased,95,qwen3:4b,
180,156,Conservative,is-biased,85,qwen3:4b,
195,1228,Independent,is-not-biased,95,qwen3:4b,
128,1229,Independent,is-not-biased,95,qwen3:4b,
19,1984,Other,is-not-biased,95,qwen3:4b,
58,2110,Liberal,is-not-biased,90,qwen3:4b,
193,1985,Conservative,is-not-biased,95,qwen3:4b,
47,2111,Independent,is-not-biased,90,qwen3:4b,
245,158,Independent,is-not-biased,95,qwen3:4b,
229,159,Independent,is-not-biased,90,qwen3:4b,
167,1230,Liberal,is-not-biased,90,qwen3:4b,
21,160,Conservative,is-not-biased,95,qwen3:4b,
114,1986,Conservative,is-not-biased,90,qwen3:4b,
192,2113,Liberal,is-not-biased,95,qwen3:4b,
110,2112,Independent,is-not-biased,95,qwen3:4b,
161,1231,Liberal,is-not-biased,95,qwen3:4b,
268,1987,Liberal,is-not-biased,90,qwen3:4b,
114,1232,Liberal,is-not-biased,95,qwen3:4b,
193,1988,Independent,is-not-biased,95,qwen3:4b,
212,1233,Liberal,is-not-biased,95,qwen3:4b,
114,2114,Liberal,is-not-biased,95,qwen3:4b,
128,163,Independent,is-not-biased,95,qwen3:4b,
253,161,Liberal,is-not-biased,90,qwen3:4b,
211,1989,Liberal,is-not-biased,95,qwen3:4b,
112,2115,Independent,is-not-biased,95,qwen3:4b,
269,1990,Independent,is-not-biased,100,qwen3:4b,
233,162,Liberal,is-not-biased,90,qwen3:4b,
114,1991,Independent,is-not-biased,95,qwen3:4b,
193,2116,Liberal,is-not-biased,95,qwen3:4b,
114,2117,Liberal,is-not-biased,95,qwen3:4b,
143,1235,Liberal,is-not-biased,90,qwen3:4b,
202,164,Conservative,is-not-biased,90,qwen3:4b,
271,1234,Independent,is-not-biased,90,qwen3:4b,
144,1236,Conservative,is-not-biased,95,qwen3:4b,
114,2118,Independent,is-not-biased,90,qwen3:4b,
208,165,Independent,is-not-biased,90,qwen3:4b,
268,1992,Independent,is-not-biased,95,qwen3:4b,
174,167,Independent,is-not-biased,95,qwen3:4b,
62,1993,Liberal,is-not-biased,95,qwen3:4b,
174,166,Liberal,is-not-biased,90,qwen3:4b,
110,2119,Independent,is-not-biased,95,qwen3:4b,
246,1238,Liberal,is-biased,90,qwen3:4b,
42,1994,Other,is-not-biased,90,qwen3:4b,
261,1237,Conservative,is-not-biased,95,qwen3:4b,
193,2121,Conservative,is-not-biased,95,qwen3:4b,
58,1995,Liberal,is-not-biased,95,qwen3:4b,
271,169,Liberal,is-not-biased,90,qwen3:4b,
155,1240,Liberal,is-not-biased,95,qwen3:4b,
115,1996,Independent,is-not-biased,95,qwen3:4b,
175,168,Independent,is-not-biased,90,qwen3:4b,
222,2120,Other,is-not-biased,85,qwen3:4b,
104,1239,Liberal,is-biased,80,qwen3:4b,
57,1997,Other,is-not-biased,95,qwen3:4b,
1,170,Liberal,is-not-biased,95,qwen3:4b,
115,2123,Liberal,is-not-biased,95,qwen3:4b,
51,2122,Liberal,is-not-biased,90,qwen3:4b,
176,171,Liberal,is-not-biased,90,qwen3:4b,
29,1242,Independent,is-not-biased,95,qwen3:4b,
204,1241,Liberal,is-not-biased,90,qwen3:4b,
90,172,Independent,is-not-biased,95,qwen3:4b,
110,2124,Liberal,is-not-biased,95,qwen3:4b,
116,1999,Liberal,is-not-biased,90,qwen3:4b,
278,1998,Conservative,is-not-biased,85,qwen3:4b,
141,1244,Liberal,is-not-biased,95,qwen3:4b,
193,2125,Other,is-not-biased,95,qwen3:4b,
125,173,Other,is-not-biased,90,qwen3:4b,
114,2126,Liberal,is-not-biased,95,qwen3:4b,
50,2127,Independent,is-not-biased,90,qwen3:4b,
259,2000,Conservative,is-not-biased,95,qwen3:4b,
86,175,Conservative,is-not-biased,90,qwen3:4b,
43,174,Independent,is-not-biased,95,qwen3:4b,
20,1243,Conservative,is-not-biased,100,qwen3:4b,
74,1245,Independent,is-not-biased,95,qwen3:4b,
110,2001,Conservative,is-not-biased,90,qwen3:4b,
50,2003,Liberal,is-not-biased,90,qwen3:4b,
226,176,Conservative,is-not-biased,95,qwen3:4b,
284,1246,Conservative,is-not-biased,90,qwen3:4b,
113,1247,Independent,is-not-biased,90,qwen3:4b,
59,2128,Liberal,is-not-biased,95,qwen3:4b,
18,177,Independent,is-not-biased,100,qwen3:4b,
265,2002,Conservative,is-not-biased,90,qwen3:4b,
112,2129,Liberal,is-not-biased,90,qwen3:4b,
171,178,Independent,is-not-biased,95,qwen3:4b,
215,2005,Liberal,is-not-biased,95,qwen3:4b,
192,2130,Liberal,is-not-biased,95,qwen3:4b,
157,1248,Liberal,is-not-biased,95,qwen3:4b,
114,179,Liberal,is-not-biased,95,qwen3:4b,
193,2004,Other,is-not-biased,90,qwen3:4b,
276,2006,Liberal,is-not-biased,95,qwen3:4b,
174,180,Conservative,is-not-biased,95,qwen3:4b,
193,2132,Liberal,is-not-biased,95,qwen3:4b,
178,1251,Independent,is-not-biased,95,qwen3:4b,
278,2131,Independent,is-not-biased,95,qwen3:4b,
210,181,Liberal,is-not-biased,95,qwen3:4b,
41,2007,Liberal,is-not-biased,90,qwen3:4b,
284,1249,Conservative,is-biased,80,qwen3:4b,
208,1252,Conservative,is-not-biased,95,qwen3:4b,
193,2008,Liberal,is-not-biased,95,qwen3:4b,
20,1250,Liberal,is-not-biased,95,qwen3:4b,
112,2133,Conservative,is-not-biased,90,qwen3:4b,
113,2009,Liberal,is-not-biased,95,qwen3:4b,
10,183,Conservative,is-not-biased,95,qwen3:4b,
111,182,Liberal,is-not-biased,95,qwen3:4b,
193,2010,Independent,is-not-biased,95,qwen3:4b,
182,1253,Liberal,is-biased,90,qwen3:4b,
54,2135,Conservative,is-biased,80,qwen3:4b,
121,1255,Liberal,is-not-biased,95,qwen3:4b,
54,2134,Independent,is-biased,70,qwen3:4b,
241,1254,Conservative,is-not-biased,85,qwen3:4b,
276,2136,Conservative,is-not-biased,90,qwen3:4b,
118,184,Liberal,is-not-biased,95,qwen3:4b,
159,185,Liberal,is-not-biased,95,qwen3:4b,
114,2137,Liberal,is-not-biased,90,qwen3:4b,
33,186,Liberal,is-not-biased,95,qwen3:4b,
48,2011,Liberal,is-not-biased,85,qwen3:4b,
193,2139,Liberal,is-not-biased,95,qwen3:4b,
143,1256,Independent,is-biased,80,qwen3:4b,
212,2012,Other,is-not-biased,95,qwen3:4b,
286,187,Conservative,is-not-biased,95,qwen3:4b,
50,2138,Conservative,is-not-biased,95,qwen3:4b,
110,2013,Liberal,is-not-biased,90,qwen3:4b,
68,1257,Independent,is-not-biased,95,qwen3:4b,
268,2140,Conservative,is-not-biased,95,qwen3:4b,
22,188,Liberal,is-not-biased,95,qwen3:4b,
268,2014,Liberal,is-not-biased,95,qwen3:4b,
123,1259,Conservative,is-biased,70,qwen3:4b,
111,2141,Independent,is-not-biased,95,qwen3:4b,
233,1258,Conservative,is-not-biased,90,qwen3:4b,
33,31,Conservative,is-not-biased,90,qwen3:4b,
95,756,Liberal,is-not-biased,90,qwen3:4b,
265,2015,Liberal,is-not-biased,90,qwen3:4b,
184,1386,Conservative,is-not-biased,95,qwen3:4b,
100,32,Conservative,is-not-biased,95,qwen3:4b,
159,757,Conservative,is-not-biased,95,qwen3:4b,
246,1575,Independent,is-not-biased,95,qwen3:4b,
152,758,Conservative,is-not-biased,95,qwen3:4b,
95,1387,Independent,is-not-biased,90,qwen3:4b,
242,1576,Conservative,is-not-biased,95,qwen3:4b,
199,759,Independent,is-not-biased,95,qwen3:4b,
79,1577,Conservative,is-biased,90,qwen3:4b,
168,34,Conservative,is-not-biased,80,qwen3:4b,
174,1389,Conservative,is-not-biased,95,qwen3:4b,
267,1578,Liberal,is-not-biased,95,qwen3:4b,
230,1388,Conservative,is-not-biased,90,qwen3:4b,
7,36,Conservative,is-not-biased,95,qwen3:4b,
48,35,Independent,is-biased,80,qwen3:4b,
34,1579,Liberal,is-not-biased,95,qwen3:4b,
27,760,Liberal,is-not-biased,90,qwen3:4b,
200,1580,Liberal,is-not-biased,95,qwen3:4b,
230,37,Liberal,is-not-biased,100,qwen3:4b,
278,1390,Independent,is-not-biased,90,qwen3:4b,
162,1391,Liberal,is-not-biased,90,qwen3:4b,
288,761,Liberal,is-not-biased,85,qwen3:4b,
187,762,Independent,is-not-biased,100,qwen3:4b,
252,763,Independent,is-not-biased,95,qwen3:4b,
152,39,Independent,is-not-biased,90,qwen3:4b,
213,1581,Independent,is-not-biased,90,qwen3:4b,
184,1582,Conservative,is-not-biased,95,qwen3:4b,
121,1392,Conservative,is-not-biased,90,qwen3:4b,
98,38,Conservative,is-biased,80,qwen3:4b,
67,1393,Liberal,is-not-biased,90,qwen3:4b,
89,1394,Liberal,is-not-biased,95,qwen3:4b,
274,764,Conservative,is-not-biased,90,qwen3:4b,
262,40,Independent,is-not-biased,95,qwen3:4b,
270,41,Conservative,is-not-biased,95,qwen3:4b,
131,1395,Conservative,is-not-biased,90,qwen3:4b,
223,42,Liberal,is-not-biased,90,qwen3:4b,
69,1583,Liberal,is-not-biased,80,qwen3:4b,
159,765,Conservative,is-not-biased,90,qwen3:4b,
2,1396,Conservative,is-not-biased,90,qwen3:4b,
208,43,Conservative,is-not-biased,95,qwen3:4b,
123,766,Conservative,is-not-biased,90,qwen3:4b,
214,1584,Conservative,is-not-biased,80,qwen3:4b,
76,1585,Conservative,is-not-biased,100,qwen3:4b,
150,767,Conservative,is-not-biased,85,qwen3:4b,
76,44,Conservative,is-not-biased,95,qwen3:4b,
125,1586,Liberal,is-not-biased,90,qwen3:4b,
41,1397,default,is-not-biased,95,qwen3:4b,
184,1587,Liberal,is-not-biased,95,qwen3:4b,
211,1398,Conservative,is-not-biased,90,qwen3:4b,
248,768,Independent,is-not-biased,95,qwen3:4b,
239,1399,Liberal,is-not-biased,95,qwen3:4b,
9,45,Conservative,is-not-biased,95,qwen3:4b,
113,769,Conservative,is-not-biased,90,qwen3:4b,
142,770,Conservative,is-not-biased,95,qwen3:4b,
221,1588,Liberal,is-not-biased,95,qwen3:4b,
125,1400,Conservative,is-not-biased,95,qwen3:4b,
260,1589,Liberal,is-not-biased,95,qwen3:4b,
143,46,Conservative,is-biased,85,qwen3:4b,
7,47,Conservative,is-not-biased,90,qwen3:4b,
194,1401,Independent,is-not-biased,95,qwen3:4b,
271,48,Conservative,is-not-biased,90,qwen3:4b,
3,1590,Conservative,is-not-biased,95,qwen3:4b,
157,771,Conservative,is-not-biased,90,qwen3:4b,
29,772,Independent,is-not-biased,90,qwen3:4b,
123,1591,Liberal,is-not-biased,90,qwen3:4b,
2,1402,Conservative,is-not-biased,90,qwen3:4b,
7,773,Conservative,is-not-biased,90,qwen3:4b,
274,50,Conservative,is-not-biased,95,qwen3:4b,
125,1592,Conservative,is-not-biased,95,qwen3:4b,
157,1403,Conservative,is-not-biased,95,qwen3:4b,
133,49,Conservative,is-not-biased,85,qwen3:4b,
97,1404,Liberal,is-not-biased,90,qwen3:4b,
260,1593,Liberal,is-not-biased,90,qwen3:4b,
127,1594,Independent,is-not-biased,95,qwen3:4b,
157,1405,Conservative,is-not-biased,95,qwen3:4b,
21,775,Liberal,is-not-biased,95,qwen3:4b,
130,52,Liberal,is-not-biased,90,qwen3:4b,
90,776,Liberal,is-not-biased,90,qwen3:4b,
156,777,Liberal,is-not-biased,95,qwen3:4b,
169,1407,Conservative,is-not-biased,95,qwen3:4b,
123,51,Conservative,is-not-biased,85,qwen3:4b,
281,1595,Conservative,is-not-biased,90,qwen3:4b,
76,778,Liberal,is-not-biased,95,qwen3:4b,
237,1406,Liberal,is-biased,70,qwen3:4b,
239,53,Liberal,is-not-biased,95,qwen3:4b,
289,1596,Conservative,is-not-biased,95,qwen3:4b,
132,54,Conservative,is-not-biased,90,qwen3:4b,
170,774,Conservative,is-not-biased,85,qwen3:4b,
101,1408,Independent,is-not-biased,95,qwen3:4b,
262,1410,Conservative,is-not-biased,95,qwen3:4b,
66,779,Liberal,is-not-biased,90,qwen3:4b,
193,1409,Independent,is-not-biased,95,qwen3:4b,
194,780,Independent,is-not-biased,95,qwen3:4b,
72,1597,Conservative,is-not-biased,90,qwen3:4b,
263,1598,Liberal,is-not-biased,95,qwen3:4b,
177,56,Conservative,is-not-biased,95,qwen3:4b,
136,55,Independent,is-not-biased,100,qwen3:4b,
134,57,Conservative,is-not-biased,95,qwen3:4b,
277,58,Conservative,is-not-biased,90,qwen3:4b,
119,781,Liberal,is-not-biased,95,qwen3:4b,
213,1599,Liberal,is-not-biased,95,qwen3:4b,
119,1600,Independent,is-not-biased,95,qwen3:4b,
29,1411,Conservative,is-not-biased,90,qwen3:4b,
80,782,Liberal,is-not-biased,90,qwen3:4b,
166,59,Conservative,is-not-biased,95,qwen3:4b,
95,1412,Conservative,is-not-biased,90,qwen3:4b,
118,1602,Independent,is-not-biased,95,qwen3:4b,
106,60,Conservative,is-not-biased,95,qwen3:4b,
141,1413,Conservative,is-not-biased,90,qwen3:4b,
72,1601,Conservative,is-biased,75,qwen3:4b,
157,783,Liberal,is-not-biased,95,qwen3:4b,
70,1603,Conservative,is-not-biased,95,qwen3:4b,
95,1415,Liberal,is-not-biased,95,qwen3:4b,
230,784,Conservative,is-not-biased,95,qwen3:4b,
267,61,Liberal,is-not-biased,95,qwen3:4b,
121,1414,Conservative,is-not-biased,90,qwen3:4b,
105,785,Conservative,is-not-biased,95,qwen3:4b,
172,786,Independent,is-not-biased,95,qwen3:4b,
184,1604,Liberal,is-not-biased,95,qwen3:4b,
76,1605,Liberal,is-not-biased,95,qwen3:4b,
152,1416,Liberal,is-not-biased,90,qwen3:4b,
54,62,Conservative,is-not-biased,90,qwen3:4b,
123,63,Conservative,is-biased,85,qwen3:4b,
134,787,Independent,is-not-biased,90,qwen3:4b,
65,1606,Liberal,is-not-biased,90,qwen3:4b,
43,64,Liberal,is-not-biased,90,qwen3:4b,
127,1607,Liberal,is-not-biased,95,qwen3:4b,
86,65,Liberal,is-not-biased,95,qwen3:4b,
286,1417,Liberal,is-biased,75,qwen3:4b,
76,1418,Other,is-not-biased,90,qwen3:4b,
118,789,Liberal,is-not-biased,95,qwen3:4b,
59,1419,Liberal,is-not-biased,95,qwen3:4b,
167,66,Liberal,is-not-biased,95,qwen3:4b,
168,788,Conservative,is-biased,75,qwen3:4b,
75,1420,Conservative,is-not-biased,95,qwen3:4b,
182,790,Conservative,is-biased,95,qwen3:4b,
76,1608,Conservative,is-not-biased,95,qwen3:4b,
63,791,Liberal,is-not-biased,90,qwen3:4b,
105,67,Liberal,is-not-biased,90,qwen3:4b,
132,1421,Conservative,is-not-biased,90,qwen3:4b,
101,68,Independent,is-not-biased,95,qwen3:4b,
122,792,Conservative,is-biased,85,qwen3:4b,
70,1610,Liberal,is-not-biased,95,qwen3:4b,
195,1422,Independent,is-not-biased,95,qwen3:4b,
73,1609,Liberal,is-not-biased,85,qwen3:4b,
22,69,Conservative,is-not-biased,95,qwen3:4b,
117,1611,Independent,is-not-biased,95,qwen3:4b,
230,794,Independent,is-not-biased,95,qwen3:4b,
97,70,Independent,is-biased,90,qwen3:4b,
122,1613,Independent,is-biased,85,qwen3:4b,
230,1423,Liberal,is-not-biased,90,qwen3:4b,
125,1612,Liberal,is-not-biased,95,qwen3:4b,
281,1424,Conservative,is-not-biased,90,qwen3:4b,
104,1425,Conservative,is-not-biased,95,qwen3:4b,
156,796,Conservative,is-not-biased,95,qwen3:4b,
248,1614,Conservative,is-not-biased,95,qwen3:4b,
164,1426,Conservative,is-not-biased,95,qwen3:4b,
22,793,Other,is-biased,80,qwen3:4b,
86,798,Liberal,is-not-biased,95,qwen3:4b,
233,797,Liberal,is-not-biased,95,qwen3:4b,
253,795,Conservative,is-not-biased,90,qwen3:4b,
223,1427,Liberal,is-not-biased,95,qwen3:4b,
3,1616,Liberal,is-not-biased,95,qwen3:4b,
69,1615,Conservative,is-not-biased,95,qwen3:4b,
148,1428,Independent,is-not-biased,95,qwen3:4b,
85,800,Conservative,is-not-biased,95,qwen3:4b,
288,1617,Liberal,is-biased,85,qwen3:4b,
216,799,Independent,is-not-biased,95,qwen3:4b,
155,1429,Conservative,is-not-biased,95,qwen3:4b,
213,1618,Conservative,is-not-biased,90,qwen3:4b,
133,1430,Conservative,is-not-biased,85,qwen3:4b,
226,801,Conservative,is-not-biased,95,qwen3:4b,
121,1431,Liberal,is-not-biased,95,qwen3:4b,
129,1432,Conservative,is-not-biased,95,qwen3:4b,
75,1621,Liberal,is-not-biased,95,qwen3:4b,
19,802,Conservative,is-not-biased,95,qwen3:4b,
119,1619,Conservative,is-not-biased,85,qwen3:4b,
118,1620,Independent,is-not-biased,90,qwen3:4b,
114,1433,Independent,is-not-biased,95,qwen3:4b,
71,1622,Independent,is-not-biased,95,qwen3:4b,
185,803,Conservative,is-not-biased,90,qwen3:4b,
119,1623,Liberal,is-not-biased,95,qwen3:4b,
109,1435,Conservative,is-not-biased,95,qwen3:4b,
133,804,Independent,is-not-biased,90,qwen3:4b,
112,1434,Conservative,is-not-biased,90,qwen3:4b,
128,1624,Liberal,is-not-biased,95,qwen3:4b,
159,1436,Independent,is-not-biased,90,qwen3:4b,
133,806,Liberal,is-not-biased,90,qwen3:4b,
94,1437,Liberal,is-not-biased,95,qwen3:4b,
276,807,Liberal,is-not-biased,95,qwen3:4b,
100,808,Independent,is-not-biased,95,qwen3:4b,
260,1626,Liberal,is-not-biased,90,qwen3:4b,
161,1439,Independent,is-not-biased,95,qwen3:4b,
119,1627,Liberal,is-not-biased,95,qwen3:4b,
247,805,Conservative,is-not-biased,90,qwen3:4b,
123,1625,Conservative,is-not-biased,85,qwen3:4b,
116,809,Liberal,is-not-biased,95,qwen3:4b,
204,1438,Independent,is-biased,85,qwen3:4b,
123,810,Independent,is-not-biased,95,qwen3:4b,
76,1630,Independent,is-not-biased,95,qwen3:4b,
119,1628,Liberal,is-not-biased,95,qwen3:4b,
188,811,Independent,is-biased,85,qwen3:4b,
90,812,Liberal,is-not-biased,95,qwen3:4b,
173,1440,Liberal,is-not-biased,90,qwen3:4b,
282,1441,Liberal,is-not-biased,95,qwen3:4b,
65,1629,Conservative,is-not-biased,90,qwen3:4b,
267,813,Conservative,is-not-biased,95,qwen3:4b,
268,1442,Other,is-not-biased,95,qwen3:4b,
63,1631,Liberal,is-not-biased,95,qwen3:4b,
262,1632,Liberal,is-not-biased,95,qwen3:4b,
121,1633,Other,is-not-biased,90,qwen3:4b,
7,815,Independent,is-not-biased,95,qwen3:4b,
157,1444,Conservative,is-not-biased,95,qwen3:4b,
186,1443,Independent,is-not-biased,90,qwen3:4b,
82,814,Liberal,is-not-biased,85,qwen3:4b,
101,1445,Conservative,is-not-biased,95,qwen3:4b,
126,1634,Conservative,is-not-biased,95,qwen3:4b,
72,1635,Liberal,is-not-biased,95,qwen3:4b,
109,1446,Liberal,is-not-biased,95,qwen3:4b,
3,817,Liberal,is-not-biased,90,qwen3:4b,
103,816,Conservative,is-not-biased,90,qwen3:4b,
127,1637,Independent,is-not-biased,95,qwen3:4b,
183,693,Conservative,is-not-biased,95,qwen3:4b,
123,1636,Liberal,is-not-biased,95,qwen3:4b,
98,1447,Independent,is-biased,80,qwen3:4b,
113,1890,Liberal,is-not-biased,95,qwen3:4b,
122,1448,Conservative,is-not-biased,85,qwen3:4b,
193,2142,Independent,is-not-biased,95,qwen3:4b,
101,818,Conservative,is-not-biased,95,qwen3:4b,
130,1512,Conservative,is-not-biased,95,qwen3:4b,
58,1891,Liberal,is-not-biased,95,qwen3:4b,
240,695,Liberal,is-not-biased,95,qwen3:4b,
28,694,Liberal,is-not-biased,95,qwen3:4b,
51,2143,Liberal,is-not-biased,90,qwen3:4b,
74,1514,Liberal,is-not-biased,95,qwen3:4b,
182,1513,Conservative,is-biased,90,qwen3:4b,
205,1892,Independent,is-not-biased,90,qwen3:4b,
211,2144,Conservative,is-not-biased,95,qwen3:4b,
50,1893,Independent,is-not-biased,95,qwen3:4b,
142,697,Conservative,is-not-biased,95,qwen3:4b,
132,1515,Conservative,is-not-biased,90,qwen3:4b,
133,1516,Independent,is-not-biased,95,qwen3:4b,
193,1894,Independent,is-not-biased,95,qwen3:4b,
28,2145,Liberal,is-not-biased,95,qwen3:4b,
49,696,Conservative,is-biased,85,qwen3:4b,
115,2146,Liberal,is-not-biased,90,qwen3:4b,
251,82,Liberal,is-not-biased,95,qwen3:4b,
144,699,Independent,is-not-biased,95,qwen3:4b,
208,1518,Conservative,is-not-biased,95,qwen3:4b,
98,698,Independent,is-biased,80,qwen3:4b,
236,1517,Conservative,is-not-biased,95,qwen3:4b,
28,2147,Liberal,is-not-biased,90,qwen3:4b,
112,1896,Liberal,is-not-biased,95,qwen3:4b,
62,1895,Conservative,is-not-biased,90,qwen3:4b,
136,1519,Conservative,is-not-biased,95,qwen3:4b,
202,700,Other,is-not-biased,90,qwen3:4b,
192,2149,Conservative,is-not-biased,90,qwen3:4b,
102,701,Liberal,is-not-biased,90,qwen3:4b,
114,2148,Conservative,is-not-biased,90,qwen3:4b,
115,1898,Independent,is-not-biased,95,qwen3:4b,
14,1520,Liberal,is-not-biased,95,qwen3:4b,
268,1897,Liberal,is-not-biased,95,qwen3:4b,
266,702,Independent,is-not-biased,95,qwen3:4b,
59,1899,Liberal,is-not-biased,95,qwen3:4b,
113,2150,Liberal,is-not-biased,95,qwen3:4b,
136,1521,Independent,is-not-biased,90,qwen3:4b,
29,85,Liberal,is-not-biased,95,qwen3:4b,
114,2151,Conservative,is-not-biased,90,qwen3:4b,
129,1522,Liberal,is-not-biased,90,qwen3:4b,
103,703,Independent,is-not-biased,95,qwen3:4b,
112,1900,Liberal,is-not-biased,95,qwen3:4b,
197,704,Conservative,is-not-biased,95,qwen3:4b,
132,1524,Liberal,is-not-biased,90,qwen3:4b,
94,705,Conservative,is-not-biased,90,qwen3:4b,
133,1523,Conservative,is-biased,70,qwen3:4b,
112,1902,Independent,is-not-biased,95,qwen3:4b,
115,1901,Liberal,is-not-biased,95,qwen3:4b,
205,2152,Liberal,is-not-biased,95,qwen3:4b,
115,2154,Conservative,is-not-biased,95,qwen3:4b,
110,2153,Conservative,is-not-biased,90,qwen3:4b,
130,1525,Independent,is-not-biased,95,qwen3:4b,
218,706,Liberal,is-not-biased,95,qwen3:4b,
136,100,Liberal,is-not-biased,90,qwen3:4b,
114,2155,Conservative,is-not-biased,95,qwen3:4b,
166,707,Independent,is-not-biased,95,qwen3:4b,
80,1526,Independent,is-not-biased,90,qwen3:4b,
268,1903,Liberal,is-not-biased,90,qwen3:4b,
237,83,Liberal,is-not-biased,90,qwen3:4b,
106,101,Liberal,is-not-biased,95,qwen3:4b,
137,1527,Liberal,is-not-biased,95,qwen3:4b,
114,1904,Conservative,is-not-biased,95,qwen3:4b,
101,708,Liberal,is-not-biased,95,qwen3:4b,
211,2156,Other,is-not-biased,90,qwen3:4b,
111,1905,Other,is-not-biased,90,qwen3:4b,
70,709,Conservative,is-not-biased,95,qwen3:4b,
51,2157,Liberal,is-not-biased,95,qwen3:4b,
121,80,Liberal,is-not-biased,95,qwen3:4b,
205,1906,Liberal,is-not-biased,90,qwen3:4b,
133,1528,Conservative,is-biased,70,qwen3:4b,
128,710,Liberal,is-not-biased,95,qwen3:4b,
225,81,Conservative,is-not-biased,95,qwen3:4b,
110,2158,Independent,is-not-biased,100,qwen3:4b,
62,2159,Independent,is-not-biased,95,qwen3:4b,
262,1530,Independent,is-not-biased,95,qwen3:4b,
157,711,Liberal,is-not-biased,95,qwen3:4b,
14,1529,Conservative,is-not-biased,95,qwen3:4b,
159,98,Conservative,is-not-biased,90,qwen3:4b,
113,2160,Independent,is-not-biased,95,qwen3:4b,
112,1907,Other,is-not-biased,95,qwen3:4b,
146,712,Independent,is-not-biased,95,qwen3:4b,
236,1531,Independent,is-not-biased,95,qwen3:4b,
50,1908,Liberal,is-not-biased,90,qwen3:4b,
157,75,Independent,is-not-biased,95,qwen3:4b,
133,1532,Independent,is-not-biased,90,qwen3:4b,
177,97,Liberal,is-not-biased,95,qwen3:4b,
277,713,Independent,is-not-biased,100,qwen3:4b,
112,1909,Liberal,is-not-biased,95,qwen3:4b,
116,1910,Independent,is-not-biased,95,qwen3:4b,
110,2161,Liberal,is-not-biased,95,qwen3:4b,
112,2162,Independent,is-not-biased,95,qwen3:4b,
2,1911,Other,is-not-biased,90,qwen3:4b,
129,1533,Conservative,is-not-biased,90,qwen3:4b,
197,714,Liberal,is-not-biased,90,qwen3:4b,
229,95,Independent,is-not-biased,95,qwen3:4b,
221,99,Independent,is-not-biased,100,qwen3:4b,
208,1534,Conservative,is-not-biased,95,qwen3:4b,
110,2163,Conservative,is-not-biased,80,qwen3:4b,
188,715,Independent,is-biased,85,qwen3:4b,
114,2164,Independent,is-not-biased,95,qwen3:4b,
58,1912,Liberal,is-not-biased,95,qwen3:4b,
129,1535,Liberal,is-not-biased,95,qwen3:4b,
181,118,Liberal,is-not-biased,90,qwen3:4b,
163,119,Liberal,is-not-biased,95,qwen3:4b,
33,717,Independent,is-not-biased,95,qwen3:4b,
193,1913,Conservative,is-not-biased,95,qwen3:4b,
115,2165,Conservative,is-not-biased,95,qwen3:4b,
123,716,Conservative,is-biased,70,qwen3:4b,
129,1536,Conservative,is-not-biased,95,qwen3:4b,
222,1914,Liberal,is-biased,90,qwen3:4b,
99,96,Conservative,is-not-biased,90,qwen3:4b,
58,2167,Conservative,is-not-biased,90,qwen3:4b,
193,1915,Independent,is-not-biased,95,qwen3:4b,
95,120,Liberal,is-not-biased,95,qwen3:4b,
101,719,Independent,is-not-biased,95,qwen3:4b,
116,2166,Liberal,is-not-biased,90,qwen3:4b,
134,1537,Liberal,is-not-biased,95,qwen3:4b,
59,1916,Liberal,is-not-biased,95,qwen3:4b,
104,718,Liberal,is-not-biased,95,qwen3:4b,
129,1539,Liberal,is-not-biased,95,qwen3:4b,
249,1538,Conservative,is-not-biased,95,qwen3:4b,
210,720,Independent,is-not-biased,95,qwen3:4b,
203,86,Liberal,is-not-biased,95,qwen3:4b,
111,1917,Conservative,is-not-biased,90,qwen3:4b,
222,2168,Conservative,is-not-biased,90,qwen3:4b,
190,91,Conservative,is-not-biased,95,qwen3:4b,
267,1540,Conservative,is-not-biased,95,qwen3:4b,
259,2169,Independent,is-not-biased,95,qwen3:4b,
193,1918,Independent,is-not-biased,95,qwen3:4b,
36,2170,Liberal,is-not-biased,100,qwen3:4b,
131,1541,Conservative,is-not-biased,95,qwen3:4b,
140,78,Liberal,is-not-biased,95,qwen3:4b,
143,721,Independent,is-not-biased,80,qwen3:4b,
278,722,Conservative,is-not-biased,90,qwen3:4b,
244,723,Liberal,is-not-biased,90,qwen3:4b,
112,1919,Liberal,is-not-biased,95,qwen3:4b,
57,1920,Liberal,is-not-biased,95,qwen3:4b,
54,2171,Independent,is-biased,70,qwen3:4b,
204,92,Liberal,is-biased,70,qwen3:4b,
24,1543,Independent,is-not-biased,100,qwen3:4b,
248,1542,Conservative,is-not-biased,90,qwen3:4b,
63,724,Liberal,is-not-biased,90,qwen3:4b,
265,1922,Independent,is-not-biased,95,qwen3:4b,
231,725,Conservative,is-not-biased,95,qwen3:4b,
268,1921,Independent,is-not-biased,100,qwen3:4b,
246,1544,Liberal,is-biased,90,qwen3:4b,
48,2172,Liberal,is-biased,90,qwen3:4b,
58,2173,Other,is-not-biased,90,qwen3:4b,
193,2174,Liberal,is-not-biased,95,qwen3:4b,
168,77,Conservative,is-not-biased,90,qwen3:4b,
267,1545,Independent,is-not-biased,95,qwen3:4b,
195,1923,Liberal,is-not-biased,95,qwen3:4b,
157,84,Independent,is-not-biased,95,qwen3:4b,
62,2175,Liberal,is-not-biased,95,qwen3:4b,
150,727,Independent,is-not-biased,95,qwen3:4b,
58,726,Liberal,is-not-biased,95,qwen3:4b,
50,2176,Liberal,is-not-biased,90,qwen3:4b,
76,93,Liberal,is-not-biased,95,qwen3:4b,
71,1546,Conservative,is-not-biased,90,qwen3:4b,
115,1925,Liberal,is-not-biased,95,qwen3:4b,
133,1547,Conservative,is-not-biased,85,qwen3:4b,
58,1924,Liberal,is-not-biased,95,qwen3:4b,
80,728,Liberal,is-not-biased,95,qwen3:4b,
131,1548,Independent,is-not-biased,95,qwen3:4b,
111,2177,Conservative,is-not-biased,95,qwen3:4b,
208,94,Conservative,is-not-biased,95,qwen3:4b,
224,729,Conservative,is-not-biased,90,qwen3:4b,
193,2178,Liberal,is-not-biased,95,qwen3:4b,
116,1927,Independent,is-not-biased,90,qwen3:4b,
111,1926,Liberal,is-not-biased,90,qwen3:4b,
131,1549,Liberal,is-not-biased,95,qwen3:4b,
88,731,Liberal,is-not-biased,90,qwen3:4b,
173,730,Independent,is-not-biased,95,qwen3:4b,
89,87,Conservative,is-not-biased,90,qwen3:4b,
193,1928,Liberal,is-not-biased,90,qwen3:4b,
78,732,Liberal,is-not-biased,95,qwen3:4b,
168,88,Conservative,is-not-biased,90,qwen3:4b,
130,1550,Conservative,is-not-biased,90,qwen3:4b,
36,1552,Independent,is-not-biased,95,qwen3:4b,
236,1551,Conservative,is-not-biased,95,qwen3:4b,
62,1929,Liberal,is-not-biased,95,qwen3:4b,
127,734,Liberal,is-not-biased,95,qwen3:4b,
77,1553,Conservative,is-not-biased,95,qwen3:4b,
173,733,Liberal,is-not-biased,95,qwen3:4b,
201,89,Conservative,is-not-biased,95,qwen3:4b,
19,1930,Conservative,is-not-biased,90,qwen3:4b,
215,1932,Liberal,is-not-biased,95,qwen3:4b,
208,1554,Conservative,is-not-biased,95,qwen3:4b,
86,736,Conservative,is-not-biased,90,qwen3:4b,
149,735,Independent,is-not-biased,95,qwen3:4b,
27,1931,Liberal,is-not-biased,90,qwen3:4b,
80,1555,Conservative,is-not-biased,90,qwen3:4b,
110,1933,Independent,is-not-biased,95,qwen3:4b,
126,737,Liberal,is-not-biased,95,qwen3:4b,
69,116,Liberal,is-not-biased,95,qwen3:4b,
50,2039,Independent,is-not-biased,95,qwen3:4b,
136,1556,Liberal,is-not-biased,90,qwen3:4b,
156,738,Conservative,is-not-biased,95,qwen3:4b,
94,71,Conservative,is-not-biased,95,qwen3:4b,
268,1934,Liberal,is-not-biased,95,qwen3:4b,
130,1557,Independent,is-not-biased,95,qwen3:4b,
52,76,Conservative,is-not-biased,95,qwen3:4b,
11,1558,Liberal,is-not-biased,95,qwen3:4b,
195,1936,Conservative,is-not-biased,95,qwen3:4b,
3,739,Liberal,is-not-biased,95,qwen3:4b,
110,1935,Liberal,is-not-biased,90,qwen3:4b,
136,740,Liberal,is-not-biased,95,qwen3:4b,
229,1559,Liberal,is-not-biased,95,qwen3:4b,
16,1937,Liberal,is-not-biased,95,qwen3:4b,
102,741,Liberal,is-not-biased,95,qwen3:4b,
118,79,Liberal,is-not-biased,95,qwen3:4b,
62,1938,Independent,is-not-biased,95,qwen3:4b,
113,742,Conservative,is-not-biased,90,qwen3:4b,
105,72,Conservative,is-not-biased,90,qwen3:4b,
28,1939,Liberal,is-not-biased,95,qwen3:4b,
106,743,Conservative,is-not-biased,95,qwen3:4b,
113,1940,Independent,is-not-biased,95,qwen3:4b,
182,1560,Conservative,is-biased,90,qwen3:4b,
236,1561,Liberal,is-biased,90,qwen3:4b,
211,1941,Liberal,is-not-biased,90,qwen3:4b,
130,114,Liberal,is-not-biased,95,qwen3:4b,
130,1562,Conservative,is-not-biased,85,qwen3:4b,
116,115,Independent,is-not-biased,95,qwen3:4b,
136,1563,Liberal,is-not-biased,95,qwen3:4b,
82,744,Independent,is-not-biased,85,qwen3:4b,
230,745,Conservative,is-not-biased,90,qwen3:4b,
112,1942,Conservative,is-not-biased,90,qwen3:4b,
172,747,Conservative,is-not-biased,100,qwen3:4b,
265,746,Conservative,is-not-biased,90,qwen3:4b,
267,1566,Independent,is-not-biased,95,qwen3:4b,
208,113,Independent,is-not-biased,95,qwen3:4b,
65,1564,Conservative,is-not-biased,95,qwen3:4b,
278,1943,Independent,is-not-biased,95,qwen3:4b,
237,1565,Liberal,is-not-biased,90,qwen3:4b,
115,1944,Conservative,is-not-biased,95,qwen3:4b,
208,1567,Conservative,is-not-biased,95,qwen3:4b,
287,748,Liberal,is-not-biased,90,qwen3:4b,
104,90,Conservative,is-not-biased,90,qwen3:4b,
121,749,Conservative,is-not-biased,95,qwen3:4b,
111,1945,Conservative,is-not-biased,95,qwen3:4b,
134,1568,Conservative,is-not-biased,95,qwen3:4b,
215,1946,Conservative,is-not-biased,95,qwen3:4b,
105,73,Conservative,is-not-biased,90,qwen3:4b,
161,750,Conservative,is-not-biased,90,qwen3:4b,
130,1570,Liberal,is-not-biased,95,qwen3:4b,
285,751,Independent,is-not-biased,95,qwen3:4b,
235,1569,Independent,is-biased,80,qwen3:4b,
50,1947,Independent,is-not-biased,95,qwen3:4b,
130,1571,Conservative,is-not-biased,95,qwen3:4b,
115,1948,Liberal,is-not-biased,90,qwen3:4b,
241,752,Conservative,is-not-biased,85,qwen3:4b,
238,1949,Independent,is-not-biased,95,qwen3:4b,
208,1572,Conservative,is-not-biased,90,qwen3:4b,
287,753,Liberal,is-not-biased,90,qwen3:4b,
25,74,Liberal,is-not-biased,90,qwen3:4b,
58,1950,Liberal,is-not-biased,95,qwen3:4b,
60,117,Liberal,is-not-biased,95,qwen3:4b,
248,754,Independent,is-not-biased,90,qwen3:4b,
193,1952,Independent,is-not-biased,95,qwen3:4b,
136,1573,Conservative,is-not-biased,95,qwen3:4b,
162,755,Liberal,is-not-biased,95,qwen3:4b,
162,378,Liberal,is-not-biased,95,qwen3:4b,
152,882,Liberal,is-not-biased,95,qwen3:4b,
133,1574,Conservative,is-biased,75,qwen3:4b,
54,1951,Independent,is-not-biased,90,qwen3:4b,
146,1449,Liberal,is-not-biased,95,qwen3:4b,
58,1701,Liberal,is-not-biased,90,qwen3:4b,
98,1323,Conservative,is-biased,80,qwen3:4b,
253,441,Liberal,is-biased,80,qwen3:4b,
65,379,Liberal,is-not-biased,95,qwen3:4b,
51,1764,Conservative,is-biased,70,qwen3:4b,
130,442,Liberal,is-not-biased,95,qwen3:4b,
259,2016,Independent,is-not-biased,90,qwen3:4b,
260,1135,Liberal,is-not-biased,95,qwen3:4b,
175,1134,Other,is-biased,70,qwen3:4b,
88,883,Conservative,is-not-biased,95,qwen3:4b,
112,1702,Independent,is-not-biased,95,qwen3:4b,
116,1765,Independent,is-not-biased,95,qwen3:4b,
61,1324,Other,is-not-biased,95,qwen3:4b,
78,380,Conservative,is-not-biased,95,qwen3:4b,
212,2017,Conservative,is-not-biased,95,qwen3:4b,
283,1450,Liberal,is-not-biased,90,qwen3:4b,
128,1325,Liberal,is-not-biased,95,qwen3:4b,
83,443,Conservative,is-not-biased,95,qwen3:4b,
224,1136,Liberal,is-not-biased,95,qwen3:4b,
61,2018,Independent,is-not-biased,95,qwen3:4b,
193,1703,Conservative,is-not-biased,95,qwen3:4b,
55,1766,Liberal,is-not-biased,95,qwen3:4b,
39,884,Conservative,is-not-biased,85,qwen3:4b,
211,885,Liberal,is-not-biased,95,qwen3:4b,
88,381,Conservative,is-not-biased,90,qwen3:4b,
204,1451,Liberal,is-biased,75,qwen3:4b,
220,444,Independent,is-not-biased,95,qwen3:4b,
213,1326,Liberal,is-not-biased,95,qwen3:4b,
143,1452,Liberal,is-not-biased,90,qwen3:4b,
50,2019,Independent,is-not-biased,95,qwen3:4b,
111,1704,Liberal,is-not-biased,90,qwen3:4b,
192,1767,Conservative,is-not-biased,95,qwen3:4b,
198,382,Liberal,is-not-biased,95,qwen3:4b,
110,1137,Conservative,is-not-biased,95,qwen3:4b,
257,886,Independent,is-not-biased,95,qwen3:4b,
191,1138,Independent,is-not-biased,95,qwen3:4b,
22,1327,Independent,is-not-biased,95,qwen3:4b,
238,2020,Liberal,is-not-biased,95,qwen3:4b,
274,445,Liberal,is-not-biased,95,qwen3:4b,
113,1768,Liberal,is-not-biased,90,qwen3:4b,
112,383,Liberal,is-not-biased,95,qwen3:4b,
187,446,Conservative,is-not-biased,95,qwen3:4b,
213,887,Liberal,is-not-biased,90,qwen3:4b,
77,1454,Conservative,is-not-biased,95,qwen3:4b,
113,1139,Liberal,is-not-biased,90,qwen3:4b,
48,1705,Liberal,is-biased,90,qwen3:4b,
20,1453,Liberal,is-biased,80,qwen3:4b,
116,1706,Independent,is-not-biased,95,qwen3:4b,
50,2021,Independent,is-not-biased,95,qwen3:4b,
116,1769,Conservative,is-not-biased,95,qwen3:4b,
101,888,Liberal,is-not-biased,95,qwen3:4b,
131,384,Conservative,is-not-biased,90,qwen3:4b,
90,1329,Independent,is-not-biased,95,qwen3:4b,
157,1140,Conservative,is-not-biased,95,qwen3:4b,
283,1328,Liberal,is-not-biased,95,qwen3:4b,
139,447,Liberal,is-not-biased,80,qwen3:4b,
230,1455,Liberal,is-not-biased,95,qwen3:4b,
195,1707,Liberal,is-not-biased,90,qwen3:4b,
52,2022,Conservative,is-not-biased,95,qwen3:4b,
276,1770,Liberal,is-not-biased,95,qwen3:4b,
133,385,Independent,is-not-biased,95,qwen3:4b,
154,889,Independent,is-not-biased,95,qwen3:4b,
58,1141,Independent,is-not-biased,95,qwen3:4b,
201,448,Independent,is-not-biased,95,qwen3:4b,
115,1771,Liberal,is-not-biased,95,qwen3:4b,
59,1708,Conservative,is-not-biased,90,qwen3:4b,
284,1330,Liberal,is-not-biased,90,qwen3:4b,
116,386,Independent,is-not-biased,95,qwen3:4b,
59,1456,Liberal,is-not-biased,95,qwen3:4b,
239,449,Conservative,is-not-biased,90,qwen3:4b,
154,1142,Conservative,is-not-biased,95,qwen3:4b,
88,890,Conservative,is-not-biased,90,qwen3:4b,
268,2023,Conservative,is-not-biased,95,qwen3:4b,
34,1331,Liberal,is-not-biased,95,qwen3:4b,
276,1772,Independent,is-not-biased,95,qwen3:4b,
155,1457,Conservative,is-not-biased,100,qwen3:4b,
111,1709,Other,is-not-biased,90,qwen3:4b,
11,387,Independent,is-not-biased,95,qwen3:4b,
258,1143,Independent,is-not-biased,95,qwen3:4b,
59,2024,Other,is-not-biased,90,qwen3:4b,
262,891,Liberal,is-not-biased,95,qwen3:4b,
267,450,Conservative,is-not-biased,100,qwen3:4b,
74,388,Liberal,is-not-biased,95,qwen3:4b,
113,1773,Conservative,is-not-biased,95,qwen3:4b,
116,1710,Liberal,is-not-biased,95,qwen3:4b,
101,451,Conservative,is-not-biased,95,qwen3:4b,
114,2025,Other,is-not-biased,95,qwen3:4b,
77,892,Conservative,is-not-biased,95,qwen3:4b,
41,1458,Conservative,is-biased,75,qwen3:4b,
187,1144,Conservative,is-not-biased,95,qwen3:4b,
40,1332,Liberal,is-not-biased,95,qwen3:4b,
50,1333,Independent,is-not-biased,90,qwen3:4b,
195,1711,Liberal,is-not-biased,95,qwen3:4b,
24,1145,Liberal,is-not-biased,95,qwen3:4b,
61,2026,Liberal,is-not-biased,90,qwen3:4b,
167,452,Independent,is-not-biased,95,qwen3:4b,
110,1774,Liberal,is-not-biased,95,qwen3:4b,
29,389,Conservative,is-not-biased,90,qwen3:4b,
194,893,Conservative,is-not-biased,95,qwen3:4b,
50,1712,Liberal,is-not-biased,95,qwen3:4b,
193,2027,Independent,is-not-biased,90,qwen3:4b,
87,1460,Conservative,is-not-biased,90,qwen3:4b,
123,103,Liberal,is-not-biased,95,qwen3:4b,
114,1775,Other,is-not-biased,95,qwen3:4b,
266,390,Independent,is-not-biased,95,qwen3:4b,
250,1459,Liberal,is-not-biased,90,qwen3:4b,
251,1146,Liberal,is-not-biased,90,qwen3:4b,
145,1334,Conservative,is-not-biased,90,qwen3:4b,
56,453,Liberal,is-not-biased,95,qwen3:4b,
245,894,Liberal,is-not-biased,90,qwen3:4b,
130,1335,Liberal,is-not-biased,95,qwen3:4b,
130,1461,Conservative,is-not-biased,95,qwen3:4b,
113,1776,Conservative,is-not-biased,90,qwen3:4b,
54,454,Conservative,is-not-biased,90,qwen3:4b,
113,2028,Liberal,is-not-biased,95,qwen3:4b,
205,1713,Liberal,is-not-biased,100,qwen3:4b,
139,391,Conservative,is-not-biased,90,qwen3:4b,
181,1462,Liberal,is-not-biased,90,qwen3:4b,
205,1714,Liberal,is-not-biased,95,qwen3:4b,
279,1336,Conservative,is-not-biased,90,qwen3:4b,
160,895,Conservative,is-not-biased,90,qwen3:4b,
60,2029,Liberal,is-not-biased,95,qwen3:4b,
184,392,Liberal,is-not-biased,95,qwen3:4b,
245,1777,Conservative,is-not-biased,90,qwen3:4b,
242,1147,Conservative,is-not-biased,95,qwen3:4b,
76,896,Liberal,is-not-biased,95,qwen3:4b,
25,1463,Independent,is-not-biased,95,qwen3:4b,
267,1148,Other,is-not-biased,95,qwen3:4b,
52,2030,Liberal,is-not-biased,90,qwen3:4b,
277,455,Independent,is-not-biased,100,qwen3:4b,
28,1778,Independent,is-not-biased,95,qwen3:4b,
121,393,Liberal,is-not-biased,100,qwen3:4b,
265,1715,Liberal,is-not-biased,90,qwen3:4b,
20,1337,Liberal,is-not-biased,95,qwen3:4b,
78,456,Conservative,is-not-biased,95,qwen3:4b,
206,897,Independent,is-not-biased,95,qwen3:4b,
193,1716,Liberal,is-not-biased,95,qwen3:4b,
112,1779,Conservative,is-not-biased,90,qwen3:4b,
20,1464,Conservative,is-not-biased,90,qwen3:4b,
116,2031,Conservative,is-not-biased,90,qwen3:4b,
179,1338,Liberal,is-not-biased,90,qwen3:4b,
120,1149,Conservative,is-not-biased,95,qwen3:4b,
114,394,Conservative,is-not-biased,90,qwen3:4b,
39,457,Conservative,is-biased,75,qwen3:4b,
165,898,Liberal,is-not-biased,90,qwen3:4b,
36,1150,Liberal,is-not-biased,95,qwen3:4b,
105,1339,Conservative,is-not-biased,90,qwen3:4b,
179,1465,Liberal,is-not-biased,95,qwen3:4b,
112,1780,Liberal,is-not-biased,90,qwen3:4b,
135,395,Independent,is-not-biased,95,qwen3:4b,
259,1717,Liberal,is-not-biased,90,qwen3:4b,
16,2032,Liberal,is-not-biased,95,qwen3:4b,
230,1,Liberal,is-not-biased,95,qwen3:4b,
127,1151,Liberal,is-not-biased,90,qwen3:4b,
74,458,Liberal,is-not-biased,95,qwen3:4b,
115,1781,Independent,is-not-biased,95,qwen3:4b,
211,2033,Liberal,is-not-biased,95,qwen3:4b,
284,899,Conservative,is-not-biased,90,qwen3:4b,
110,1718,Conservative,is-not-biased,95,qwen3:4b,
98,1466,Conservative,is-biased,85,qwen3:4b,
186,1340,Conservative,is-not-biased,95,qwen3:4b,
172,900,Conservative,is-not-biased,95,qwen3:4b,
263,396,Liberal,is-not-biased,95,qwen3:4b,
223,459,Conservative,is-not-biased,95,qwen3:4b,
115,1719,Independent,is-not-biased,95,qwen3:4b,
95,1152,Conservative,is-not-biased,85,qwen3:4b,
99,460,Independent,is-not-biased,95,qwen3:4b,
230,397,Conservative,is-not-biased,90,qwen3:4b,
210,1341,Independent,is-not-biased,100,qwen3:4b,
233,1467,Conservative,is-not-biased,90,qwen3:4b,
54,1782,Independent,is-not-biased,90,qwen3:4b,
111,2034,Liberal,is-not-biased,90,qwen3:4b,
157,102,Conservative,is-not-biased,90,qwen3:4b,
210,1153,Liberal,is-not-biased,95,qwen3:4b,
193,1783,Conservative,is-not-biased,95,qwen3:4b,
58,1720,Liberal,is-not-biased,95,qwen3:4b,
20,398,Conservative,is-not-biased,95,qwen3:4b,
110,901,Liberal,is-not-biased,90,qwen3:4b,
284,2,Liberal,is-not-biased,90,qwen3:4b,
185,1468,Liberal,is-biased,75,qwen3:4b,
110,2035,Liberal,is-not-biased,95,qwen3:4b,
235,1342,Conservative,is-not-biased,85,qwen3:4b,
132,902,Conservative,is-not-biased,90,qwen3:4b,
162,461,Liberal,is-not-biased,90,qwen3:4b,
22,1343,Independent,is-not-biased,95,qwen3:4b,
111,1784,Independent,is-not-biased,90,qwen3:4b,
215,2036,Liberal,is-not-biased,95,qwen3:4b,
135,1154,Conservative,is-not-biased,100,qwen3:4b,
245,1469,Liberal,is-not-biased,90,qwen3:4b,
2,104,Independent,is-not-biased,95,qwen3:4b,
278,1721,Liberal,is-not-biased,95,qwen3:4b,
23,399,Liberal,is-not-biased,95,qwen3:4b,
140,1344,Liberal,is-not-biased,95,qwen3:4b,
121,1155,Conservative,is-not-biased,95,qwen3:4b,
192,903,Conservative,is-not-biased,95,qwen3:4b,
33,1470,Conservative,is-not-biased,90,qwen3:4b,
269,1722,Liberal,is-not-biased,95,qwen3:4b,
57,2037,Conservative,is-not-biased,95,qwen3:4b,
234,462,Liberal,is-not-biased,95,qwen3:4b,
76,463,Conservative,is-not-biased,90,qwen3:4b,
176,1156,Conservative,is-not-biased,90,qwen3:4b,
273,400,Liberal,is-not-biased,85,qwen3:4b,
169,1345,Conservative,is-not-biased,95,qwen3:4b,
116,1785,Liberal,is-not-biased,90,qwen3:4b,
263,904,Conservative,is-not-biased,95,qwen3:4b,
114,1723,Independent,is-not-biased,95,qwen3:4b,
130,1471,Conservative,is-not-biased,95,qwen3:4b,
59,105,Conservative,is-not-biased,90,qwen3:4b,
278,1786,Conservative,is-not-biased,95,qwen3:4b,
280,401,Independent,is-not-biased,95,qwen3:4b,
274,1157,Liberal,is-not-biased,90,qwen3:4b,
144,464,Liberal,is-not-biased,95,qwen3:4b,
157,0,Conservative,is-not-biased,95,qwen3:4b,
51,2038,Conservative,is-not-biased,85,qwen3:4b,
166,1346,Conservative,is-not-biased,95,qwen3:4b,
193,1472,Liberal,is-not-biased,90,qwen3:4b,
215,1724,Liberal,is-not-biased,95,qwen3:4b,
183,465,Independent,is-not-biased,95,qwen3:4b,
107,1158,Conservative,is-not-biased,95,qwen3:4b,
276,1787,Conservative,is-not-biased,85,qwen3:4b,
187,106,Liberal,is-not-biased,95,qwen3:4b,
233,905,Conservative,is-not-biased,90,qwen3:4b,
148,1347,Conservative,is-not-biased,100,qwen3:4b,
265,402,Liberal,is-not-biased,90,qwen3:4b,
191,1473,Independent,is-not-biased,95,qwen3:4b,
280,906,Liberal,is-not-biased,90,qwen3:4b,
205,1725,Liberal,is-not-biased,95,qwen3:4b,
112,1788,Conservative,is-not-biased,90,qwen3:4b,
24,466,Conservative,is-not-biased,95,qwen3:4b,
206,403,Liberal,is-not-biased,95,qwen3:4b,
122,1159,Conservative,is-biased,85,qwen3:4b,
16,2040,Liberal,is-not-biased,90,qwen3:4b,
238,907,Liberal,is-not-biased,95,qwen3:4b,
92,112,Conservative,is-not-biased,100,qwen3:4b,
112,1348,Liberal,is-not-biased,95,qwen3:4b,
112,1789,Liberal,is-not-biased,90,qwen3:4b,
50,1726,Liberal,is-not-biased,95,qwen3:4b,
69,107,Independent,is-not-biased,90,qwen3:4b,
114,2041,Conservative,is-not-biased,95,qwen3:4b,
235,1474,Liberal,is-not-biased,90,qwen3:4b,
203,908,Other,is-not-biased,95,qwen3:4b,
151,1475,Independent,is-not-biased,95,qwen3:4b,
151,1349,Liberal,is-not-biased,95,qwen3:4b,
81,467,Liberal,is-biased,85,qwen3:4b,
234,404,Liberal,is-not-biased,90,qwen3:4b,
102,1160,Conservative,is-not-biased,95,qwen3:4b,
45,1727,Independent,is-not-biased,95,qwen3:4b,
18,405,Independent,is-not-biased,95,qwen3:4b,
158,909,Conservative,is-not-biased,95,qwen3:4b,
200,1161,Conservative,is-not-biased,95,qwen3:4b,
12,2048,Liberal,is-not-biased,95,qwen3:4b,
203,1350,Conservative,is-not-biased,95,qwen3:4b,
110,2042,Conservative,is-not-biased,90,qwen3:4b,
193,1791,Liberal,is-not-biased,95,qwen3:4b,
97,468,Independent,is-not-biased,90,qwen3:4b,
156,122,Conservative,is-not-biased,90,qwen3:4b,
54,1790,Independent,is-biased,90,qwen3:4b,
53,1728,Liberal,is-not-biased,100,qwen3:4b,
248,1476,Conservative,is-not-biased,95,qwen3:4b,
33,910,Liberal,is-not-biased,95,qwen3:4b,
16,2043,Conservative,is-not-biased,95,qwen3:4b,
194,406,Independent,is-not-biased,95,qwen3:4b,
279,469,Liberal,is-not-biased,90,qwen3:4b,
134,1351,Conservative,is-not-biased,95,qwen3:4b,
157,1162,Conservative,is-not-biased,95,qwen3:4b,
50,1792,Other,is-not-biased,90,qwen3:4b,
90,1477,Conservative,is-not-biased,95,qwen3:4b,
115,2044,Liberal,is-not-biased,90,qwen3:4b,
278,1729,Conservative,is-not-biased,95,qwen3:4b,
132,407,Independent,is-not-biased,95,qwen3:4b,
122,911,Liberal,is-not-biased,90,qwen3:4b,
241,1478,Liberal,is-not-biased,95,qwen3:4b,
102,470,Independent,is-not-biased,95,qwen3:4b,
147,1163,Liberal,is-not-biased,90,qwen3:4b,
114,1164,Liberal,is-not-biased,95,qwen3:4b,
215,1730,Conservative,is-not-biased,90,qwen3:4b,
276,1793,Liberal,is-not-biased,95,qwen3:4b,
158,408,Other,is-not-biased,100,qwen3:4b,
81,1352,Liberal,is-not-biased,85,qwen3:4b,
235,121,Conservative,is-not-biased,90,qwen3:4b,
245,2045,Conservative,is-not-biased,90,qwen3:4b,
163,1479,Independent,is-not-biased,90,qwen3:4b,
165,471,Conservative,is-not-biased,95,qwen3:4b,
57,1731,Liberal,is-not-biased,100,qwen3:4b,
11,1353,Conservative,is-not-biased,90,qwen3:4b,
114,2046,Liberal,is-not-biased,95,qwen3:4b,
50,1794,Liberal,is-not-biased,90,qwen3:4b,
120,912,Liberal,is-not-biased,95,qwen3:4b,
127,409,Liberal,is-not-biased,95,qwen3:4b,
63,1165,Conservative,is-not-biased,90,qwen3:4b,
222,472,Liberal,is-not-biased,95,qwen3:4b,
13,109,Independent,is-not-biased,95,qwen3:4b,
115,1354,Liberal,is-not-biased,95,qwen3:4b,
133,913,Liberal,is-not-biased,95,qwen3:4b,
114,1732,Liberal,is-not-biased,95,qwen3:4b,
52,1795,Conservative,is-not-biased,95,qwen3:4b,
123,410,Liberal,is-not-biased,90,qwen3:4b,
67,473,Independent,is-not-biased,95,qwen3:4b,
136,1480,Conservative,is-not-biased,100,qwen3:4b,
95,1355,Independent,is-not-biased,95,qwen3:4b,
195,2047,Independent,is-not-biased,95,qwen3:4b,
160,111,Conservative,is-not-biased,90,qwen3:4b,
151,1166,Conservative,is-not-biased,100,qwen3:4b,
136,1481,Conservative,is-not-biased,95,qwen3:4b,
233,914,Conservative,is-not-biased,95,qwen3:4b,
175,411,Liberal,is-not-biased,95,qwen3:4b,
278,1733,Independent,is-not-biased,90,qwen3:4b,
98,3,Conservative,is-biased,70,qwen3:4b,
232,474,Conservative,is-not-biased,90,qwen3:4b,
113,1796,Conservative,is-not-biased,90,qwen3:4b,
38,915,Conservative,is-not-biased,90,qwen3:4b,
89,1356,Other,is-not-biased,90,qwen3:4b,
205,1167,Other,is-not-biased,90,qwen3:4b,
114,1734,Conservative,is-not-biased,95,qwen3:4b,
156,475,Independent,is-not-biased,100,qwen3:4b,
62,2049,Liberal,is-not-biased,95,qwen3:4b,
118,412,Liberal,is-not-biased,95,qwen3:4b,
163,916,Independent,is-not-biased,95,qwen3:4b,
81,1482,Conservative,is-not-biased,85,qwen3:4b,
10,1483,Liberal,is-not-biased,95,qwen3:4b,
10,1357,Liberal,is-not-biased,95,qwen3:4b,
205,1797,Other,is-not-biased,90,qwen3:4b,
193,1735,Liberal,is-not-biased,95,qwen3:4b,
157,1168,Liberal,is-not-biased,95,qwen3:4b,
276,1798,Independent,is-not-biased,95,qwen3:4b,
192,2050,Liberal,is-not-biased,95,qwen3:4b,
151,413,Liberal,is-not-biased,95,qwen3:4b,
177,476,Liberal,is-not-biased,95,qwen3:4b,
20,1358,Independent,is-not-biased,95,qwen3:4b,
255,4,Independent,is-not-biased,95,qwen3:4b,
111,917,Liberal,is-not-biased,90,qwen3:4b,
34,1484,Conservative,is-not-biased,95,qwen3:4b,
82,1169,Liberal,is-not-biased,90,qwen3:4b,
205,1799,Liberal,is-not-biased,95,qwen3:4b,
54,2051,Conservative,is-not-biased,90,qwen3:4b,
76,414,Liberal,is-not-biased,95,qwen3:4b,
15,918,Conservative,is-not-biased,90,qwen3:4b,
136,477,Liberal,is-not-biased,95,qwen3:4b,
262,5,Other,is-not-biased,90,qwen3:4b,
94,1170,Conservative,is-not-biased,90,qwen3:4b,
265,1736,Conservative,is-not-biased,95,qwen3:4b,
215,1737,Liberal,is-not-biased,95,qwen3:4b,
133,1485,Liberal,is-not-biased,95,qwen3:4b,
50,1800,Independent,is-not-biased,90,qwen3:4b,
197,415,Liberal,is-not-biased,95,qwen3:4b,
230,478,Liberal,is-not-biased,95,qwen3:4b,
114,2052,Conservative,is-not-biased,90,qwen3:4b,
180,6,Conservative,is-not-biased,90,qwen3:4b,
2,1171,Liberal,is-not-biased,100,qwen3:4b,
233,1359,Conservative,is-not-biased,90,qwen3:4b,
21,1486,Conservative,is-not-biased,95,qwen3:4b,
59,1360,Conservative,is-not-biased,90,qwen3:4b,
265,1801,Liberal,is-not-biased,90,qwen3:4b,
46,919,Conservative,is-not-biased,90,qwen3:4b,
112,2053,Liberal,is-not-biased,95,qwen3:4b,
136,7,Liberal,is-not-biased,90,qwen3:4b,
193,1738,Other,is-not-biased,90,qwen3:4b,
34,479,Liberal,is-not-biased,95,qwen3:4b,
266,416,Liberal,is-not-biased,90,qwen3:4b,
30,1802,Liberal,is-not-biased,95,qwen3:4b,
78,1361,Conservative,is-not-biased,90,qwen3:4b,
150,920,Liberal,is-not-biased,95,qwen3:4b,
174,1172,Liberal,is-not-biased,90,qwen3:4b,
267,1487,Conservative,is-not-biased,95,qwen3:4b,
116,1739,Liberal,is-not-biased,90,qwen3:4b,
171,8,Liberal,is-not-biased,95,qwen3:4b,
211,2054,Liberal,is-not-biased,95,qwen3:4b,
154,480,Independent,is-not-biased,95,qwen3:4b,
213,1173,Independent,is-not-biased,95,qwen3:4b,
99,417,Other,is-not-biased,100,qwen3:4b,
137,1488,Conservative,is-not-biased,95,qwen3:4b,
87,1362,Conservative,is-not-biased,95,qwen3:4b,
280,921,Independent,is-not-biased,90,qwen3:4b,
279,9,Conservative,is-not-biased,95,qwen3:4b,
19,1740,Conservative,is-not-biased,95,qwen3:4b,
227,481,Independent,is-not-biased,95,qwen3:4b,
265,2055,Liberal,is-not-biased,90,qwen3:4b,
3,418,Liberal,is-not-biased,95,qwen3:4b,
22,922,Liberal,is-not-biased,100,qwen3:4b,
205,1803,Other,is-not-biased,90,qwen3:4b,
157,1363,Independent,is-not-biased,95,qwen3:4b,
230,1174,Liberal,is-not-biased,95,qwen3:4b,
136,1489,Conservative,is-not-biased,95,qwen3:4b,
193,2056,Liberal,is-not-biased,90,qwen3:4b,
212,1804,Independent,is-not-biased,95,qwen3:4b,
288,482,Independent,is-not-biased,95,qwen3:4b,
13,1741,Conservative,is-not-biased,85,qwen3:4b,
144,419,Liberal,is-not-biased,95,qwen3:4b,
227,10,Liberal,is-not-biased,90,qwen3:4b,
72,923,Conservative,is-biased,70,qwen3:4b,
43,1175,Independent,is-not-biased,95,qwen3:4b,
116,1805,Independent,is-not-biased,95,qwen3:4b,
80,1490,Conservative,is-not-biased,95,qwen3:4b,
111,2057,Independent,is-not-biased,90,qwen3:4b,
147,1364,Liberal,is-not-biased,95,qwen3:4b,
57,11,Independent,is-not-biased,95,qwen3:4b,
205,1742,Liberal,is-not-biased,90,qwen3:4b,
41,483,Independent,is-not-biased,95,qwen3:4b,
156,420,Liberal,is-not-biased,95,qwen3:4b,
174,1365,Conservative,is-not-biased,95,qwen3:4b,
109,924,Liberal,is-not-biased,95,qwen3:4b,
13,1176,Liberal,is-not-biased,95,qwen3:4b,
57,1806,Independent,is-not-biased,95,qwen3:4b,
210,12,Liberal,is-not-biased,95,qwen3:4b,
116,2058,Liberal,is-not-biased,95,qwen3:4b,
74,1491,Independent,is-not-biased,95,qwen3:4b,
116,1743,Liberal,is-not-biased,95,qwen3:4b,
32,484,Independent,is-not-biased,95,qwen3:4b,
110,1744,Conservative,is-not-biased,90,qwen3:4b,
139,421,Conservative,is-not-biased,90,qwen3:4b,
193,1807,Conservative,is-not-biased,95,qwen3:4b,
131,1492,Conservative,is-not-biased,90,qwen3:4b,
136,1177,Liberal,is-biased,80,qwen3:4b,
245,2059,Liberal,is-not-biased,90,qwen3:4b,
204,925,Liberal,is-not-biased,85,qwen3:4b,
245,1366,Independent,is-not-biased,90,qwen3:4b,
130,485,Liberal,is-not-biased,95,qwen3:4b,
129,1178,Liberal,is-not-biased,95,qwen3:4b,
98,13,Independent,is-not-biased,90,qwen3:4b,
7,1367,Conservative,is-not-biased,95,qwen3:4b,
233,422,Conservative,is-not-biased,90,qwen3:4b,
116,1808,Independent,is-not-biased,95,qwen3:4b,
193,1745,Liberal,is-not-biased,90,qwen3:4b,
271,14,Independent,is-not-biased,95,qwen3:4b,
74,1493,Liberal,is-not-biased,95,qwen3:4b,
98,926,Independent,is-not-biased,95,qwen3:4b,
33,927,Independent,is-not-biased,95,qwen3:4b,
7,486,Liberal,is-not-biased,95,qwen3:4b,
128,1368,Liberal,is-not-biased,95,qwen3:4b,
28,2060,Conservative,is-not-biased,95,qwen3:4b,
65,1179,Other,is-not-biased,95,qwen3:4b,
269,1746,Independent,is-not-biased,100,qwen3:4b,
133,1494,Conservative,is-biased,70,qwen3:4b,
215,2061,Conservative,is-not-biased,95,qwen3:4b,
112,15,Conservative,is-not-biased,90,qwen3:4b,
47,1809,Liberal,is-not-biased,85,qwen3:4b,
62,424,Conservative,is-not-biased,95,qwen3:4b,
200,423,Liberal,is-biased,70,qwen3:4b,
152,487,Liberal,is-not-biased,90,qwen3:4b,
59,928,Liberal,is-not-biased,90,qwen3:4b,
130,1180,Independent,is-not-biased,95,qwen3:4b,
29,1495,Conservative,is-not-biased,90,qwen3:4b,
112,16,Independent,is-not-biased,90,qwen3:4b,
74,1369,Independent,is-not-biased,95,qwen3:4b,
207,1747,Conservative,is-not-biased,90,qwen3:4b,
101,1181,Independent,is-not-biased,95,qwen3:4b,
114,2062,Liberal,is-not-biased,95,qwen3:4b,
146,425,Conservative,is-not-biased,95,qwen3:4b,
128,108,Conservative,is-not-biased,90,qwen3:4b,
265,1810,Conservative,is-not-biased,90,qwen3:4b,
144,488,Conservative,is-not-biased,95,qwen3:4b,
154,1370,Liberal,is-not-biased,95,qwen3:4b,
130,1496,Independent,is-not-biased,95,qwen3:4b,
147,929,Independent,is-not-biased,95,qwen3:4b,
71,17,Liberal,is-not-biased,95,qwen3:4b,
268,1811,Liberal,is-not-biased,95,qwen3:4b,
118,1182,Conservative,is-not-biased,95,qwen3:4b,
54,1748,Liberal,is-not-biased,95,qwen3:4b,
45,489,Liberal,is-not-biased,95,qwen3:4b,
176,930,Conservative,is-not-biased,95,qwen3:4b,
22,426,Independent,is-not-biased,95,qwen3:4b,
7,123,Conservative,is-not-biased,90,qwen3:4b,
132,1497,Liberal,is-not-biased,95,qwen3:4b,
115,1749,Conservative,is-not-biased,95,qwen3:4b,
184,1371,Conservative,is-not-biased,95,qwen3:4b,
166,490,Conservative,is-not-biased,95,qwen3:4b,
152,18,Liberal,is-not-biased,90,qwen3:4b,
279,931,Independent,is-not-biased,95,qwen3:4b,
131,1498,Liberal,is-not-biased,95,qwen3:4b,
110,1812,Conservative,is-not-biased,90,qwen3:4b,
140,1183,Independent,is-not-biased,95,qwen3:4b,
145,1372,Liberal,is-not-biased,95,qwen3:4b,
192,1813,Conservative,is-not-biased,95,qwen3:4b,
58,1750,Independent,is-not-biased,95,qwen3:4b,
145,19,Independent,is-not-biased,95,qwen3:4b,
130,427,Conservative,is-biased,60,qwen3:4b,
161,428,Conservative,is-not-biased,95,qwen3:4b,
50,2065,Conservative,is-not-biased,95,qwen3:4b,
165,491,Conservative,is-not-biased,95,qwen3:4b,
226,1184,Liberal,is-not-biased,95,qwen3:4b,
230,932,Conservative,is-not-biased,95,qwen3:4b,
211,2066,Liberal,is-not-biased,95,qwen3:4b,
195,1814,Conservative,is-not-biased,95,qwen3:4b,
284,1373,Conservative,is-not-biased,95,qwen3:4b,
179,1499,Liberal,is-not-biased,95,qwen3:4b,
52,1751,Liberal,is-not-biased,90,qwen3:4b,
258,1500,Independent,is-not-biased,95,qwen3:4b,
76,1374,Liberal,is-not-biased,95,qwen3:4b,
40,933,Independent,is-not-biased,95,qwen3:4b,
134,429,Liberal,is-not-biased,90,qwen3:4b,
161,492,Liberal,is-not-biased,90,qwen3:4b,
158,1185,Conservative,is-not-biased,95,qwen3:4b,
114,1752,Conservative,is-not-biased,95,qwen3:4b,
55,2067,Independent,is-not-biased,95,qwen3:4b,
203,28,Liberal,is-not-biased,95,qwen3:4b,
265,1815,Independent,is-not-biased,90,qwen3:4b,
20,20,Liberal,is-biased,70,qwen3:4b,
41,934,Liberal,is-not-biased,90,qwen3:4b,
212,430,Independent,is-not-biased,90,qwen3:4b,
145,493,Liberal,is-not-biased,95,qwen3:4b,
14,1501,Independent,is-not-biased,95,qwen3:4b,
133,1186,Conservative,is-not-biased,90,qwen3:4b,
16,1753,Other,is-not-biased,100,qwen3:4b,
222,1816,Conservative,is-not-biased,95,qwen3:4b,
127,1187,Independent,is-not-biased,95,qwen3:4b,
156,494,Liberal,is-not-biased,95,qwen3:4b,
60,2068,Independent,is-not-biased,95,qwen3:4b,
123,21,Conservative,is-biased,85,qwen3:4b,
137,1376,Independent,is-not-biased,95,qwen3:4b,
166,935,Liberal,is-not-biased,90,qwen3:4b,
185,1375,Liberal,is-not-biased,85,qwen3:4b,
80,1502,Liberal,is-not-biased,90,qwen3:4b,
112,2069,Independent,is-not-biased,95,qwen3:4b,
52,1754,Liberal,is-not-biased,90,qwen3:4b,
263,495,Independent,is-not-biased,95,qwen3:4b,
123,22,Conservative,is-biased,70,qwen3:4b,
111,1817,Liberal,is-not-biased,90,qwen3:4b,
156,1188,Conservative,is-not-biased,95,qwen3:4b,
182,431,Liberal,is-biased,95,qwen3:4b,
211,1755,Independent,is-not-biased,95,qwen3:4b,
10,1503,Conservative,is-not-biased,95,qwen3:4b,
152,1377,Liberal,is-not-biased,90,qwen3:4b,
90,936,Conservative,is-not-biased,90,qwen3:4b,
242,432,Liberal,is-not-biased,90,qwen3:4b,
265,1818,Liberal,is-not-biased,90,qwen3:4b,
110,2070,Independent,is-not-biased,95,qwen3:4b,
6,1189,Liberal,is-not-biased,90,qwen3:4b,
171,496,Independent,is-not-biased,95,qwen3:4b,
57,433,Conservative,is-not-biased,95,qwen3:4b,
144,23,Liberal,is-not-biased,95,qwen3:4b,
277,124,Independent,is-not-biased,95,qwen3:4b,
60,937,Independent,is-not-biased,95,qwen3:4b,
157,1378,Liberal,is-not-biased,95,qwen3:4b,
45,1819,Liberal,is-not-biased,90,qwen3:4b,
29,1504,Liberal,is-not-biased,95,qwen3:4b,
52,1756,Liberal,is-not-biased,95,qwen3:4b,
168,938,Independent,is-not-biased,90,qwen3:4b,
267,1379,Independent,is-not-biased,95,qwen3:4b,
139,497,Independent,is-not-biased,95,qwen3:4b,
169,24,Conservative,is-not-biased,95,qwen3:4b,
115,1820,Independent,is-not-biased,95,qwen3:4b,
242,1505,Liberal,is-not-biased,90,qwen3:4b,
31,1190,Other,is-not-biased,95,qwen3:4b,
61,1757,Conservative,is-not-biased,90,qwen3:4b,
114,2072,Liberal,is-not-biased,95,qwen3:4b,
110,434,Conservative,is-not-biased,90,qwen3:4b,
166,1191,Conservative,is-not-biased,95,qwen3:4b,
151,435,Liberal,is-not-biased,95,qwen3:4b,
175,33,Liberal,is-not-biased,90,qwen3:4b,
19,1758,Liberal,is-not-biased,95,qwen3:4b,
75,1506,Conservative,is-not-biased,95,qwen3:4b,
7,110,Conservative,is-not-biased,90,qwen3:4b,
159,1380,Conservative,is-not-biased,90,qwen3:4b,
7,498,Conservative,is-not-biased,90,qwen3:4b,
60,939,Liberal,is-not-biased,90,qwen3:4b,
276,1821,Liberal,is-not-biased,95,qwen3:4b,
87,25,Independent,is-not-biased,95,qwen3:4b,
168,1192,Independent,is-not-biased,95,qwen3:4b,
208,1507,Conservative,is-not-biased,95,qwen3:4b,
104,1381,Independent,is-not-biased,90,qwen3:4b,
58,1759,Liberal,is-not-biased,95,qwen3:4b,
31,499,Other,is-not-biased,95,qwen3:4b,
114,940,Conservative,is-not-biased,95,qwen3:4b,
116,2074,Independent,is-not-biased,95,qwen3:4b,
114,1822,Conservative,is-not-biased,90,qwen3:4b,
203,436,Conservative,is-not-biased,100,qwen3:4b,
136,500,Independent,is-not-biased,95,qwen3:4b,
22,437,Conservative,is-not-biased,95,qwen3:4b,
163,26,Independent,is-not-biased,95,qwen3:4b,
42,1760,Liberal,is-not-biased,90,qwen3:4b,
142,941,Liberal,is-not-biased,90,qwen3:4b,
2,1382,Independent,is-not-biased,90,qwen3:4b,
132,27,Independent,is-not-biased,95,qwen3:4b,
114,2075,Liberal,is-not-biased,95,qwen3:4b,
43,1508,Conservative,is-not-biased,95,qwen3:4b,
27,1823,Liberal,is-not-biased,90,qwen3:4b,
154,501,Liberal,is-not-biased,95,qwen3:4b,
169,1383,Conservative,is-not-biased,95,qwen3:4b,
26,1761,Liberal,is-not-biased,95,qwen3:4b,
245,438,Conservative,is-not-biased,90,qwen3:4b,
234,942,Liberal,is-biased,80,qwen3:4b,
115,1824,Conservative,is-not-biased,95,qwen3:4b,
250,1193,Liberal,is-not-biased,90,qwen3:4b,
129,1509,Liberal,is-not-biased,95,qwen3:4b,
145,1194,Conservative,is-not-biased,95,qwen3:4b,
115,29,Independent,is-not-biased,95,qwen3:4b,
193,2076,Independent,is-not-biased,95,qwen3:4b,
101,439,Liberal,is-not-biased,95,qwen3:4b,
284,502,Liberal,is-not-biased,90,qwen3:4b,
238,1762,Conservative,is-not-biased,95,qwen3:4b,
16,1195,Conservative,is-not-biased,95,qwen3:4b,
161,125,Liberal,is-biased,90,qwen3:4b,
37,1384,Liberal,is-not-biased,100,qwen3:4b,
132,1510,Conservative,is-not-biased,90,qwen3:4b,
214,943,Independent,is-not-biased,90,qwen3:4b,
230,1385,Independent,is-not-biased,95,qwen3:4b,
20,30,Liberal,is-not-biased,90,qwen3:4b,
166,944,Liberal,is-not-biased,95,qwen3:4b,
114,1196,Independent,is-not-biased,95,qwen3:4b,
145,440,Conservative,is-not-biased,95,qwen3:4b,
13,1825,Liberal,is-not-biased,95,qwen3:4b,
258,1511,Conservative,is-not-biased,95,qwen3:4b,
193,2078,Independent,is-not-biased,95,qwen3:4b,
173,503,Other,is-not-biased,95,qwen3:4b,
286,1638,Conservative,is-not-biased,95,qwen3:4b,
136,189,Conservative,is-not-biased,90,qwen3:4b,
192,1763,Conservative,is-not-biased,90,qwen3:4b,
51,1826,Independent,is-biased,85,qwen3:4b,
208,504,Conservative,is-not-biased,95,qwen3:4b,
40,1071,Conservative,is-not-biased,95,qwen3:4b,
32,1639,Conservative,is-not-biased,95,qwen3:4b,
109,505,Liberal,is-not-biased,95,qwen3:4b,
223,506,Independent,is-not-biased,95,qwen3:4b,
175,1072,Liberal,is-not-biased,95,qwen3:4b,
252,191,Conservative,is-not-biased,95,qwen3:4b,
119,1640,Liberal,is-not-biased,95,qwen3:4b,
289,1073,Conservative,is-not-biased,90,qwen3:4b,
71,192,Liberal,is-not-biased,95,qwen3:4b,
148,1074,Liberal,is-not-biased,95,qwen3:4b,
121,1641,Conservative,is-not-biased,95,qwen3:4b,
225,507,Other,is-not-biased,95,qwen3:4b,
235,190,Conservative,is-biased,85,qwen3:4b,
70,1642,Conservative,is-not-biased,95,qwen3:4b,
225,508,Liberal,is-not-biased,95,qwen3:4b,
267,194,Conservative,is-not-biased,95,qwen3:4b,
197,509,Liberal,is-not-biased,90,qwen3:4b,
4,1643,Independent,is-not-biased,95,qwen3:4b,
147,1076,Conservative,is-not-biased,90,qwen3:4b,
95,1075,Other,is-biased,70,qwen3:4b,
182,193,Conservative,is-not-biased,90,qwen3:4b,
201,1078,Liberal,is-not-biased,95,qwen3:4b,
87,195,Independent,is-not-biased,95,qwen3:4b,
136,196,Conservative,is-not-biased,95,qwen3:4b,
74,510,Liberal,is-not-biased,95,qwen3:4b,
76,1644,Liberal,is-not-biased,95,qwen3:4b,
134,1077,Conservative,is-not-biased,95,qwen3:4b,
116,1079,Conservative,is-not-biased,90,qwen3:4b,
124,1646,Conservative,is-not-biased,95,qwen3:4b,
59,511,Liberal,is-not-biased,95,qwen3:4b,
15,1645,Liberal,is-not-biased,95,qwen3:4b,
33,512,Liberal,is-not-biased,95,qwen3:4b,
156,514,Independent,is-not-biased,95,qwen3:4b,
46,513,Independent,is-not-biased,90,qwen3:4b,
20,197,Conservative,is-not-biased,95,qwen3:4b,
111,198,Liberal,is-not-biased,95,qwen3:4b,
90,1080,Independent,is-not-biased,95,qwen3:4b,
65,199,Other,is-not-biased,95,qwen3:4b,
126,1648,Liberal,is-not-biased,95,qwen3:4b,
142,515,Conservative,is-not-biased,95,qwen3:4b,
288,1647,Conservative,is-not-biased,95,qwen3:4b,
17,1081,Liberal,is-not-biased,90,qwen3:4b,
128,1650,Liberal,is-not-biased,95,qwen3:4b,
214,1649,Conservative,is-biased,75,qwen3:4b,
266,200,Liberal,is-not-biased,95,qwen3:4b,
93,201,Conservative,is-not-biased,90,qwen3:4b,
157,1082,Liberal,is-not-biased,95,qwen3:4b,
141,1083,Conservative,is-not-biased,90,qwen3:4b,
177,516,Conservative,is-not-biased,90,qwen3:4b,
62,517,Liberal,is-not-biased,90,qwen3:4b,
20,203,Independent,is-not-biased,90,qwen3:4b,
140,202,Conservative,is-not-biased,80,qwen3:4b,
231,1084,Liberal,is-not-biased,95,qwen3:4b,
25,518,Independent,is-not-biased,95,qwen3:4b,
243,1651,Conservative,is-not-biased,95,qwen3:4b,
126,1652,Independent,is-not-biased,95,qwen3:4b,
106,204,Conservative,is-not-biased,95,qwen3:4b,
223,1085,Other,is-not-biased,95,qwen3:4b,
213,1653,Liberal,is-not-biased,90,qwen3:4b,
106,1087,Liberal,is-not-biased,95,qwen3:4b,
242,205,Independent,is-not-biased,95,qwen3:4b,
136,519,Conservative,is-not-biased,95,qwen3:4b,
168,520,Independent,is-not-biased,90,qwen3:4b,
169,206,Conservative,is-not-biased,90,qwen3:4b,
100,207,Liberal,is-not-biased,90,qwen3:4b,
288,1654,Liberal,is-not-biased,90,qwen3:4b,
82,1086,Liberal,is-not-biased,80,qwen3:4b,
8,522,Independent,is-not-biased,95,qwen3:4b,
34,1655,Liberal,is-not-biased,100,qwen3:4b,
263,1088,Liberal,is-not-biased,95,qwen3:4b,
181,521,Conservative,is-not-biased,90,qwen3:4b,
71,1656,Conservative,is-biased,85,qwen3:4b,
7,208,Liberal,is-not-biased,90,qwen3:4b,
127,1657,Liberal,is-not-biased,95,qwen3:4b,
153,523,Other,is-not-biased,95,qwen3:4b,
234,1090,Independent,is-not-biased,95,qwen3:4b,
69,209,Liberal,is-not-biased,95,qwen3:4b,
149,210,Liberal,is-not-biased,95,qwen3:4b,
73,1658,Conservative,is-biased,85,qwen3:4b,
126,1659,Liberal,is-not-biased,95,qwen3:4b,
252,1092,Conservative,is-not-biased,95,qwen3:4b,
157,525,Liberal,is-not-biased,90,qwen3:4b,
143,524,Conservative,is-not-biased,90,qwen3:4b,
140,1091,Conservative,is-not-biased,85,qwen3:4b,
173,1089,Liberal,is-biased,90,qwen3:4b,
112,526,Independent,is-not-biased,90,qwen3:4b,
29,211,Independent,is-not-biased,95,qwen3:4b,
248,1660,Conservative,is-not-biased,90,qwen3:4b,
25,1094,Conservative,is-not-biased,95,qwen3:4b,
282,212,Conservative,is-not-biased,90,qwen3:4b,
28,1093,Liberal,is-not-biased,95,qwen3:4b,
87,527,Other,is-not-biased,95,qwen3:4b,
86,528,Liberal,is-not-biased,95,qwen3:4b,
43,1661,Liberal,is-not-biased,95,qwen3:4b,
86,1095,Independent,is-not-biased,95,qwen3:4b,
76,1662,Liberal,is-not-biased,95,qwen3:4b,
169,213,Liberal,is-not-biased,95,qwen3:4b,
105,214,Independent,is-not-biased,90,qwen3:4b,
161,1096,Liberal,is-not-biased,90,qwen3:4b,
76,215,Conservative,is-not-biased,95,qwen3:4b,
205,1097,Conservative,is-not-biased,95,qwen3:4b,
181,529,Independent,is-not-biased,90,qwen3:4b,
115,530,Independent,is-not-biased,100,qwen3:4b,
128,1663,Conservative,is-not-biased,95,qwen3:4b,
175,1664,Liberal,is-not-biased,95,qwen3:4b,
154,216,Conservative,is-not-biased,95,qwen3:4b,
262,1098,Conservative,is-not-biased,95,qwen3:4b,
127,532,Liberal,is-not-biased,95,qwen3:4b,
118,1665,Conservative,is-not-biased,90,qwen3:4b,
179,531,Liberal,is-not-biased,90,qwen3:4b,
1,1099,Independent,is-not-biased,95,qwen3:4b,
77,218,Liberal,is-not-biased,95,qwen3:4b,
171,1100,Liberal,is-not-biased,95,qwen3:4b,
20,217,Liberal,is-not-biased,90,qwen3:4b,
125,1667,Independent,is-not-biased,95,qwen3:4b,
168,1101,Independent,is-not-biased,95,qwen3:4b,
15,1666,Liberal,is-not-biased,90,qwen3:4b,
262,534,Liberal,is-not-biased,95,qwen3:4b,
265,533,Conservative,is-not-biased,90,qwen3:4b,
288,1668,Conservative,is-not-biased,90,qwen3:4b,
182,219,Independent,is-biased,85,qwen3:4b,
149,535,Liberal,is-not-biased,95,qwen3:4b,
152,221,Independent,is-not-biased,90,qwen3:4b,
29,1102,Independent,is-not-biased,95,qwen3:4b,
168,220,Conservative,is-not-biased,90,qwen3:4b,
70,1670,Independent,is-not-biased,95,qwen3:4b,
168,537,Liberal,is-not-biased,90,qwen3:4b,
90,222,Liberal,is-not-biased,90,qwen3:4b,
263,1669,Liberal,is-not-biased,90,qwen3:4b,
283,1103,Liberal,is-not-biased,90,qwen3:4b,
286,1671,Conservative,is-not-biased,95,qwen3:4b,
59,1104,Liberal,is-not-biased,95,qwen3:4b,
72,223,Conservative,is-biased,70,qwen3:4b,
148,539,Conservative,is-not-biased,95,qwen3:4b,
256,538,Conservative,is-not-biased,90,qwen3:4b,
255,1106,Liberal,is-not-biased,95,qwen3:4b,
74,1672,Liberal,is-not-biased,95,qwen3:4b,
81,1105,Conservative,is-not-biased,90,qwen3:4b,
84,536,Liberal,is-not-biased,85,qwen3:4b,
256,224,Liberal,is-not-biased,95,qwen3:4b,
167,225,Independent,is-not-biased,90,qwen3:4b,
7,540,Liberal,is-not-biased,95,qwen3:4b,
122,1674,Conservative,is-biased,85,qwen3:4b,
119,1673,Conservative,is-not-biased,95,qwen3:4b,
175,1108,Liberal,is-not-biased,90,qwen3:4b,
98,1107,Conservative,is-not-biased,95,qwen3:4b,
182,541,Independent,is-biased,95,qwen3:4b,
122,1675,Liberal,is-not-biased,95,qwen3:4b,
123,226,Independent,is-not-biased,100,qwen3:4b,
142,542,Independent,is-not-biased,95,qwen3:4b,
111,2063,Conservative,is-not-biased,95,qwen3:4b,
162,1109,Liberal,is-not-biased,90,qwen3:4b,
111,228,Conservative,is-not-biased,95,qwen3:4b,
111,543,Independent,is-not-biased,90,qwen3:4b,
118,1676,Liberal,is-not-biased,95,qwen3:4b,
262,1677,Liberal,is-not-biased,95,qwen3:4b,
97,227,Conservative,is-not-biased,95,qwen3:4b,
57,230,Liberal,is-not-biased,95,qwen3:4b,
123,544,Independent,is-not-biased,95,qwen3:4b,
42,1111,Conservative,is-not-biased,90,qwen3:4b,
13,229,Liberal,is-not-biased,95,qwen3:4b,
233,1110,Conservative,is-not-biased,90,qwen3:4b,
66,1678,Liberal,is-not-biased,90,qwen3:4b,
193,545,Independent,is-not-biased,95,qwen3:4b,
118,1112,Conservative,is-not-biased,90,qwen3:4b,
192,1679,Other,is-not-biased,90,qwen3:4b,
268,546,Conservative,is-not-biased,95,qwen3:4b,
115,231,Liberal,is-not-biased,95,qwen3:4b,
251,1113,Other,is-not-biased,90,qwen3:4b,
268,1680,Liberal,is-not-biased,95,qwen3:4b,
165,232,Liberal,is-not-biased,90,qwen3:4b,
272,548,Independent,is-not-biased,95,qwen3:4b,
259,2064,Other,is-not-biased,85,qwen3:4b,
97,1114,Conservative,is-not-biased,90,qwen3:4b,
116,547,Liberal,is-not-biased,90,qwen3:4b,
75,1115,Liberal,is-not-biased,95,qwen3:4b,
110,1681,Conservative,is-not-biased,90,qwen3:4b,
89,234,Independent,is-not-biased,95,qwen3:4b,
278,1682,Conservative,is-not-biased,90,qwen3:4b,
36,549,Liberal,is-not-biased,95,qwen3:4b,
271,233,Independent,is-not-biased,90,qwen3:4b,
193,1117,Liberal,is-not-biased,95,qwen3:4b,
145,1116,Conservative,is-not-biased,90,qwen3:4b,
105,550,Conservative,is-not-biased,95,qwen3:4b,
19,1684,Independent,is-not-biased,95,qwen3:4b,
81,235,Liberal,is-biased,95,qwen3:4b,
51,1683,Conservative,is-not-biased,90,qwen3:4b,
6,551,Conservative,is-not-biased,90,qwen3:4b,
192,1685,Conservative,is-not-biased,95,qwen3:4b,
121,1118,Independent,is-not-biased,95,qwen3:4b,
133,237,Liberal,is-not-biased,95,qwen3:4b,
246,552,Liberal,is-biased,90,qwen3:4b,
204,236,Other,is-biased,80,qwen3:4b,
116,238,Liberal,is-not-biased,95,qwen3:4b,
94,553,Conservative,is-not-biased,90,qwen3:4b,
110,1687,Independent,is-not-biased,95,qwen3:4b,
263,1120,Liberal,is-not-biased,90,qwen3:4b,
98,1119,Conservative,is-biased,70,qwen3:4b,
120,554,Independent,is-not-biased,90,qwen3:4b,
114,1688,Independent,is-not-biased,95,qwen3:4b,
50,240,Independent,is-not-biased,95,qwen3:4b,
242,239,Liberal,is-not-biased,95,qwen3:4b,
52,1686,Independent,is-not-biased,90,qwen3:4b,
263,1121,Liberal,is-not-biased,100,qwen3:4b,
193,555,Independent,is-not-biased,95,qwen3:4b,
7,1122,Conservative,is-not-biased,90,qwen3:4b,
155,241,Liberal,is-not-biased,95,qwen3:4b,
25,556,Conservative,is-not-biased,90,qwen3:4b,
94,1123,Independent,is-not-biased,95,qwen3:4b,
58,1689,Conservative,is-not-biased,95,qwen3:4b,
151,242,Liberal,is-not-biased,95,qwen3:4b,
102,1124,Independent,is-not-biased,90,qwen3:4b,
274,557,Conservative,is-not-biased,90,qwen3:4b,
110,1690,Liberal,is-not-biased,90,qwen3:4b,
205,1691,Independent,is-not-biased,95,qwen3:4b,
172,244,Conservative,is-not-biased,95,qwen3:4b,
22,1125,Liberal,is-not-biased,95,qwen3:4b,
211,1692,Independent,is-not-biased,95,qwen3:4b,
131,559,Independent,is-not-biased,95,qwen3:4b,
100,558,Liberal,is-not-biased,90,qwen3:4b,
160,243,Conservative,is-not-biased,85,qwen3:4b,
7,1126,Conservative,is-not-biased,90,qwen3:4b,
153,245,Liberal,is-not-biased,90,qwen3:4b,
114,1694,Independent,is-not-biased,95,qwen3:4b,
155,561,Independent,is-not-biased,95,qwen3:4b,
110,1693,Liberal,is-not-biased,95,qwen3:4b,
240,246,Conservative,is-not-biased,95,qwen3:4b,
92,1127,Other,is-not-biased,100,qwen3:4b,
196,560,Conservative,is-not-biased,90,qwen3:4b,
70,1128,Liberal,is-not-biased,95,qwen3:4b,
183,1129,Conservative,is-not-biased,95,qwen3:4b,
192,1695,Independent,is-not-biased,90,qwen3:4b,
243,247,Conservative,is-not-biased,95,qwen3:4b,
103,562,Conservative,is-not-biased,95,qwen3:4b,
265,1696,Liberal,is-not-biased,95,qwen3:4b,
192,1697,Liberal,is-not-biased,95,qwen3:4b,
101,249,Conservative,is-not-biased,95,qwen3:4b,
211,1698,Independent,is-not-biased,95,qwen3:4b,
224,1130,Liberal,is-not-biased,90,qwen3:4b,
71,564,Conservative,is-biased,70,qwen3:4b,
170,248,Conservative,is-not-biased,85,qwen3:4b,
169,565,Conservative,is-not-biased,95,qwen3:4b,
251,1132,Conservative,is-not-biased,90,qwen3:4b,
123,1131,Conservative,is-not-biased,70,qwen3:4b,
253,563,Other,is-biased,90,qwen3:4b,
50,1699,Liberal,is-not-biased,95,qwen3:4b,
86,1133,Conservative,is-not-biased,95,qwen3:4b,
186,250,Liberal,is-not-biased,90,qwen3:4b,
193,1261,Conservative,is-not-biased,95,qwen3:4b,
155,1262,Independent,is-not-biased,100,qwen3:4b,
102,566,Conservative,is-not-biased,95,qwen3:4b,
65,1260,Independent,is-not-biased,95,qwen3:4b,
75,1264,Conservative,is-not-biased,95,qwen3:4b,
248,251,Liberal,is-not-biased,85,qwen3:4b,
115,1263,Conservative,is-not-biased,95,qwen3:4b,
110,1700,Independent,is-not-biased,100,qwen3:4b,
147,1266,Independent,is-not-biased,95,qwen3:4b,
167,1265,Conservative,is-not-biased,95,qwen3:4b,
264,1267,Liberal,is-not-biased,95,qwen3:4b,
157,1272,Independent,is-not-biased,95,qwen3:4b,
145,1271,Independent,is-not-biased,95,qwen3:4b,
270,1270,Liberal,is-not-biased,90,qwen3:4b,
211,2071,Independent,is-not-biased,95,qwen3:4b,
224,1268,Liberal,is-not-biased,85,qwen3:4b,
77,1269,Liberal,is-not-biased,100,qwen3:4b,
162,1273,Liberal,is-not-biased,90,qwen3:4b,
136,1275,Conservative,is-not-biased,95,qwen3:4b,
165,1274,Liberal,is-not-biased,95,qwen3:4b,
119,1276,Liberal,is-not-biased,95,qwen3:4b,
112,1278,Independent,is-not-biased,100,qwen3:4b,
230,1277,Liberal,is-not-biased,95,qwen3:4b,
270,1281,Independent,is-not-biased,95,qwen3:4b,
105,1279,Conservative,is-not-biased,90,qwen3:4b,
94,1285,Liberal,is-not-biased,95,qwen3:4b,
65,1282,Liberal,is-not-biased,90,qwen3:4b,
11,1280,Liberal,is-not-biased,95,qwen3:4b,
95,1283,Independent,is-not-biased,90,qwen3:4b,
93,1287,Liberal,is-not-biased,90,qwen3:4b,
45,2073,Other,is-not-biased,95,qwen3:4b,
129,1286,Liberal,is-not-biased,90,qwen3:4b,
129,1288,Independent,is-not-biased,95,qwen3:4b,
221,1292,Liberal,is-not-biased,95,qwen3:4b,
274,1284,Liberal,is-not-biased,90,qwen3:4b,
58,1289,Liberal,is-not-biased,95,qwen3:4b,
160,1295,Independent,is-not-biased,95,qwen3:4b,
125,1290,Liberal,is-not-biased,95,qwen3:4b,
141,1297,Liberal,is-not-biased,95,qwen3:4b,
159,1291,Liberal,is-not-biased,90,qwen3:4b,
171,1298,Liberal,is-not-biased,95,qwen3:4b,
223,1296,Conservative,is-not-biased,95,qwen3:4b,
19,1294,Conservative,is-not-biased,100,qwen3:4b,
157,1299,Liberal,is-not-biased,95,qwen3:4b,
103,1293,Independent,is-not-biased,95,qwen3:4b,
154,1301,Independent,is-not-biased,95,qwen3:4b,
215,2077,Liberal,is-not-biased,95,qwen3:4b,
20,1300,Liberal,is-not-biased,90,qwen3:4b,
70,1305,Conservative,is-not-biased,95,qwen3:4b,
63,1306,Conservative,is-not-biased,90,qwen3:4b,
169,1304,Conservative,is-not-biased,95,qwen3:4b,
140,1303,Conservative,is-not-biased,90,qwen3:4b,
209,1309,Conservative,is-not-biased,95,qwen3:4b,
235,1302,Liberal,is-not-biased,85,qwen3:4b,
24,1310,Liberal,is-not-biased,95,qwen3:4b,
5,1307,Conservative,is-not-biased,95,qwen3:4b,
38,1308,Liberal,is-not-biased,95,qwen3:4b,
240,1311,Liberal,is-not-biased,90,qwen3:4b,
184,1316,Liberal,is-not-biased,95,qwen3:4b,
239,1315,Conservative,is-not-biased,90,qwen3:4b,
101,1312,Conservative,is-not-biased,95,qwen3:4b,
105,1318,Conservative,is-not-biased,95,qwen3:4b,
195,1319,Conservative,is-not-biased,95,qwen3:4b,
65,1314,Liberal,is-not-biased,90,qwen3:4b,
112,1321,Independent,is-not-biased,95,qwen3:4b,
189,1320,Conservative,is-not-biased,95,qwen3:4b,
69,1317,Conservative,is-not-biased,90,qwen3:4b,
76,1322,Conservative,is-not-biased,95,qwen3:4b,
101,567,Liberal,is-not-biased,95,qwen3:4b,
178,1313,Conservative,is-not-biased,95,qwen3:4b,
169,568,Independent,is-not-biased,95,qwen3:4b,
112,819,Conservative,is-not-biased,95,qwen3:4b,
150,820,Liberal,is-not-biased,95,qwen3:4b,
158,946,Conservative,is-not-biased,95,qwen3:4b,
154,570,Liberal,is-not-biased,95,qwen3:4b,
152,821,Liberal,is-not-biased,90,qwen3:4b,
126,569,Conservative,is-not-biased,90,qwen3:4b,
265,822,Conservative,is-not-biased,90,qwen3:4b,
36,571,Conservative,is-not-biased,95,qwen3:4b,
71,947,Conservative,is-biased,70,qwen3:4b,
159,823,Independent,is-not-biased,95,qwen3:4b,
49,948,Liberal,is-not-biased,90,qwen3:4b,
121,572,Liberal,is-not-biased,95,qwen3:4b,
253,945,Conservative,is-not-biased,85,qwen3:4b,
63,949,Liberal,is-not-biased,90,qwen3:4b,
184,824,Conservative,is-not-biased,95,qwen3:4b,
142,950,Liberal,is-not-biased,95,qwen3:4b,
142,573,Conservative,is-not-biased,90,qwen3:4b,
100,825,Liberal,is-not-biased,95,qwen3:4b,
88,951,Conservative,is-not-biased,90,qwen3:4b,
160,574,Liberal,is-not-biased,95,qwen3:4b,
7,826,Liberal,is-not-biased,95,qwen3:4b,
133,952,Conservative,is-biased,75,qwen3:4b,
104,576,Independent,is-not-biased,95,qwen3:4b,
157,575,Conservative,is-not-biased,90,qwen3:4b,
191,828,Conservative,is-not-biased,95,qwen3:4b,
272,577,Independent,is-not-biased,90,qwen3:4b,
60,954,Independent,is-not-biased,95,qwen3:4b,
105,953,Liberal,is-not-biased,90,qwen3:4b,
145,827,Conservative,is-not-biased,95,qwen3:4b,
76,829,Conservative,is-not-biased,95,qwen3:4b,
254,830,Liberal,is-not-biased,95,qwen3:4b,
64,579,Independent,is-not-biased,90,qwen3:4b,
76,957,Independent,is-not-biased,95,qwen3:4b,
90,831,Liberal,is-not-biased,90,qwen3:4b,
101,578,Conservative,is-not-biased,90,qwen3:4b,
118,955,Conservative,is-not-biased,95,qwen3:4b,
168,581,Independent,is-not-biased,95,qwen3:4b,
110,580,Independent,is-not-biased,95,qwen3:4b,
233,956,Liberal,is-not-biased,95,qwen3:4b,
105,958,Liberal,is-not-biased,95,qwen3:4b,
286,833,Independent,is-not-biased,95,qwen3:4b,
105,832,Conservative,is-not-biased,95,qwen3:4b,
118,582,Conservative,is-not-biased,95,qwen3:4b,
162,959,Conservative,is-not-biased,90,qwen3:4b,
180,834,Liberal,is-not-biased,95,qwen3:4b,
114,961,Liberal,is-not-biased,90,qwen3:4b,
274,960,Conservative,is-not-biased,95,qwen3:4b,
227,835,Conservative,is-not-biased,95,qwen3:4b,
167,583,Liberal,is-not-biased,90,qwen3:4b,
8,584,Liberal,is-not-biased,95,qwen3:4b,
109,836,Conservative,is-not-biased,95,qwen3:4b,
260,837,Independent,is-not-biased,95,qwen3:4b,
160,585,Other,is-not-biased,95,qwen3:4b,
80,962,Liberal,is-not-biased,100,qwen3:4b,
20,586,Conservative,is-not-biased,90,qwen3:4b,
72,838,Liberal,is-not-biased,95,qwen3:4b,
111,587,Liberal,is-not-biased,90,qwen3:4b,
171,965,Liberal,is-not-biased,95,qwen3:4b,
136,839,Liberal,is-not-biased,95,qwen3:4b,
139,963,Conservative,is-not-biased,90,qwen3:4b,
44,964,Conservative,is-biased,75,qwen3:4b,
138,588,Conservative,is-not-biased,95,qwen3:4b,
93,966,Liberal,is-not-biased,90,qwen3:4b,
261,840,Liberal,is-not-biased,95,qwen3:4b,
3,967,Conservative,is-not-biased,95,qwen3:4b,
125,590,Independent,is-not-biased,95,qwen3:4b,
174,841,Conservative,is-not-biased,90,qwen3:4b,
277,589,Liberal,is-not-biased,95,qwen3:4b,
140,968,Independent,is-not-biased,95,qwen3:4b,
71,591,Liberal,is-not-biased,95,qwen3:4b,
175,842,Independent,is-not-biased,90,qwen3:4b,
211,593,Conservative,is-not-biased,95,qwen3:4b,
94,844,Conservative,is-not-biased,90,qwen3:4b,
33,843,Liberal,is-not-biased,90,qwen3:4b,
146,971,Conservative,is-not-biased,95,qwen3:4b,
2,970,Conservative,is-not-biased,95,qwen3:4b,
150,592,Independent,is-not-biased,95,qwen3:4b,
152,845,Liberal,is-not-biased,95,qwen3:4b,
71,969,Conservative,is-biased,75,qwen3:4b,
24,972,Conservative,is-not-biased,95,qwen3:4b,
146,846,Liberal,is-not-biased,95,qwen3:4b,
157,848,Liberal,is-not-biased,95,qwen3:4b,
25,596,Liberal,is-not-biased,95,qwen3:4b,
160,847,Conservative,is-not-biased,90,qwen3:4b,
277,597,Liberal,is-not-biased,95,qwen3:4b,
11,974,Other,is-not-biased,90,qwen3:4b,
182,595,Liberal,is-biased,90,qwen3:4b,
100,973,Liberal,is-not-biased,90,qwen3:4b,
233,594,Liberal,is-not-biased,90,qwen3:4b,
240,975,Liberal,is-not-biased,90,qwen3:4b,
192,598,Liberal,is-not-biased,95,qwen3:4b,
277,849,Conservative,is-not-biased,95,qwen3:4b,
45,976,Liberal,is-not-biased,90,qwen3:4b,
177,599,Independent,is-not-biased,90,qwen3:4b,
105,850,Conservative,is-not-biased,95,qwen3:4b,
125,851,Conservative,is-not-biased,95,qwen3:4b,
227,977,Conservative,is-not-biased,95,qwen3:4b,
141,853,Independent,is-not-biased,95,qwen3:4b,
281,600,Liberal,is-not-biased,90,qwen3:4b,
228,602,Liberal,is-not-biased,90,qwen3:4b,
80,978,Liberal,is-not-biased,90,qwen3:4b,
51,852,Independent,is-biased,85,qwen3:4b,
50,601,Liberal,is-not-biased,90,qwen3:4b,
244,854,Liberal,is-not-biased,95,qwen3:4b,
21,979,Conservative,is-not-biased,90,qwen3:4b,
132,604,Other,is-not-biased,95,qwen3:4b,
265,980,Conservative,is-not-biased,95,qwen3:4b,
25,856,Liberal,is-not-biased,90,qwen3:4b,
209,982,Conservative,is-not-biased,95,qwen3:4b,
96,981,Other,is-not-biased,80,qwen3:4b,
208,605,Conservative,is-not-biased,95,qwen3:4b,
246,603,Liberal,is-not-biased,80,qwen3:4b,
152,858,Independent,is-not-biased,95,qwen3:4b,
22,606,Conservative,is-not-biased,95,qwen3:4b,
87,983,Conservative,is-not-biased,95,qwen3:4b,
192,984,Independent,is-not-biased,95,qwen3:4b,
242,855,Other,is-not-biased,85,qwen3:4b,
152,607,Liberal,is-not-biased,90,qwen3:4b,
6,857,Conservative,is-not-biased,90,qwen3:4b,
106,859,Conservative,is-not-biased,95,qwen3:4b,
205,608,Conservative,is-not-biased,95,qwen3:4b,
115,986,Conservative,is-not-biased,95,qwen3:4b,
262,861,Liberal,is-not-biased,90,qwen3:4b,
227,860,Liberal,is-not-biased,95,qwen3:4b,
147,610,Liberal,is-not-biased,95,qwen3:4b,
253,985,Liberal,is-not-biased,90,qwen3:4b,
10,863,Independent,is-not-biased,95,qwen3:4b,
141,862,Conservative,is-not-biased,95,qwen3:4b,
180,609,Conservative,is-biased,75,qwen3:4b,
144,611,Liberal,is-not-biased,95,qwen3:4b,
277,988,Liberal,is-not-biased,90,qwen3:4b,
82,987,Conservative,is-not-biased,85,qwen3:4b,
94,989,Conservative,is-not-biased,95,qwen3:4b,
203,990,Independent,is-not-biased,95,qwen3:4b,
144,613,Conservative,is-not-biased,95,qwen3:4b,
5,991,Conservative,is-not-biased,95,qwen3:4b,
164,614,Liberal,is-not-biased,95,qwen3:4b,
263,992,Independent,is-not-biased,95,qwen3:4b,
266,864,Liberal,is-not-biased,90,qwen3:4b,
86,615,Liberal,is-not-biased,95,qwen3:4b,
98,612,Conservative,is-biased,70,qwen3:4b,
242,865,Conservative,is-not-biased,95,qwen3:4b,
1,866,Liberal,is-not-biased,95,qwen3:4b,
172,994,Conservative,is-not-biased,95,qwen3:4b,
271,993,Liberal,is-not-biased,90,qwen3:4b,
33,867,Liberal,is-not-biased,90,qwen3:4b,
262,616,Independent,is-not-biased,90,qwen3:4b,
128,618,Independent,is-not-biased,95,qwen3:4b,
259,995,Conservative,is-not-biased,90,qwen3:4b,
220,868,Conservative,is-not-biased,100,qwen3:4b,
116,996,Independent,is-not-biased,90,qwen3:4b,
266,617,Liberal,is-not-biased,95,qwen3:4b,
148,619,Conservative,is-not-biased,95,qwen3:4b,
127,869,Liberal,is-not-biased,100,qwen3:4b,
169,870,Liberal,is-not-biased,90,qwen3:4b,
33,998,Conservative,is-not-biased,95,qwen3:4b,
131,997,Liberal,is-not-biased,95,qwen3:4b,
14,871,Conservative,is-not-biased,95,qwen3:4b,
276,872,Conservative,is-not-biased,90,qwen3:4b,
11,620,Conservative,is-not-biased,90,qwen3:4b,
262,999,Conservative,is-not-biased,95,qwen3:4b,
259,622,Conservative,is-not-biased,95,qwen3:4b,
145,873,Liberal,is-not-biased,90,qwen3:4b,
150,621,Liberal,is-not-biased,90,qwen3:4b,
141,1001,Conservative,is-not-biased,90,qwen3:4b,
157,1000,Conservative,is-not-biased,95,qwen3:4b,
86,624,Conservative,is-not-biased,95,qwen3:4b,
136,874,Independent,is-not-biased,95,qwen3:4b,
105,623,Conservative,is-not-biased,90,qwen3:4b,
194,876,Liberal,is-biased,90,qwen3:4b,
110,875,Conservative,is-not-biased,90,qwen3:4b,
136,1002,Liberal,is-not-biased,95,qwen3:4b,
137,1004,Independent,is-not-biased,95,qwen3:4b,
127,878,Independent,is-not-biased,95,qwen3:4b,
76,627,Liberal,is-not-biased,95,qwen3:4b,
231,877,Conservative,is-not-biased,95,qwen3:4b,
194,625,Independent,is-not-biased,95,qwen3:4b,
146,879,Independent,is-not-biased,95,qwen3:4b,
105,1003,Conservative,is-not-biased,95,qwen3:4b,
161,880,Independent,is-not-biased,90,qwen3:4b,
169,1005,Liberal,is-not-biased,90,qwen3:4b,
1,628,Liberal,is-not-biased,95,qwen3:4b,
48,626,Liberal,is-biased,70,qwen3:4b,
93,629,Conservative,is-not-biased,90,qwen3:4b,
0,1006,Liberal,is-not-biased,90,qwen3:4b,
274,881,Conservative,is-not-biased,95,qwen3:4b,
266,1007,Conservative,is-not-biased,90,qwen3:4b,
253,252,Conservative,is-not-biased,90,qwen3:4b,
