article_id,index,source,llm_assessment,llm_confidence,llm_model,llm_error
24,1145,BBC,is-not-biased,95,qwen3:30b,
129,1208,CNN,is-not-biased,95,qwen3:30b,
233,956,FOX,is-not-biased,95,qwen3:30b,
145,1334,CNN,is-not-biased,95,qwen3:30b,
194,893,FOX,is-not-biased,95,qwen3:30b,
33,31,BBC,is-not-biased,95,qwen3:30b,
41,1397,BBC,is-not-biased,90,qwen3:30b,
90,831,BBC,is-not-biased,90,qwen3:30b,
254,830,FOX,is-biased,90,qwen3:30b,
76,957,BBC,is-not-biased,95,qwen3:30b,
133,1209,CNN,is-not-biased,95,qwen3:30b,
245,894,FOX,is-not-biased,90,qwen3:30b,
251,1146,FOX,is-not-biased,95,qwen3:30b,
130,1335,CNN,is-not-biased,90,qwen3:30b,
100,32,BBC,is-not-biased,90,qwen3:30b,
160,895,CNN,is-not-biased,90,qwen3:30b,
211,1398,FOX,is-not-biased,95,qwen3:30b,
105,832,BBC,is-not-biased,95,qwen3:30b,
105,958,BBC,is-not-biased,95,qwen3:30b,
166,1210,CNN,is-not-biased,95,qwen3:30b,
239,1399,FOX,is-not-biased,95,qwen3:30b,
74,1211,BBC,is-not-biased,95,qwen3:30b,
242,1147,FOX,is-not-biased,90,qwen3:30b,
168,34,CNN,is-not-biased,95,qwen3:30b,
76,896,BBC,is-not-biased,90,qwen3:30b,
286,833,FOX,is-not-biased,95,qwen3:30b,
279,1336,FOX,is-not-biased,95,qwen3:30b,
20,1337,BBC,is-not-biased,95,qwen3:30b,
267,1148,FOX,is-not-biased,95,qwen3:30b,
162,959,CNN,is-not-biased,90,qwen3:30b,
125,1400,CNN,is-not-biased,95,qwen3:30b,
48,35,BBC,is-not-biased,95,qwen3:30b,
180,834,FOX,is-not-biased,95,qwen3:30b,
120,1149,CNN,is-not-biased,95,qwen3:30b,
274,960,FOX,is-not-biased,95,qwen3:30b,
206,897,FOX,is-not-biased,95,qwen3:30b,
266,1212,FOX,is-not-biased,95,qwen3:30b,
7,36,BBC,is-not-biased,95,qwen3:30b,
179,1338,FOX,is-not-biased,90,qwen3:30b,
114,961,CNN,is-not-biased,95,qwen3:30b,
227,835,FOX,is-not-biased,95,qwen3:30b,
194,1401,FOX,is-not-biased,95,qwen3:30b,
133,1213,CNN,is-not-biased,90,qwen3:30b,
36,1150,BBC,is-not-biased,95,qwen3:30b,
105,1339,BBC,is-not-biased,95,qwen3:30b,
2,1402,BBC,is-not-biased,100,qwen3:30b,
165,898,CNN,is-not-biased,90,qwen3:30b,
109,836,BBC,is-not-biased,95,qwen3:30b,
230,37,FOX,is-not-biased,95,qwen3:30b,
127,1151,CNN,is-not-biased,95,qwen3:30b,
284,899,FOX,is-not-biased,95,qwen3:30b,
167,1214,CNN,is-not-biased,90,qwen3:30b,
80,962,BBC,is-not-biased,95,qwen3:30b,
98,38,BBC,is-not-biased,95,qwen3:30b,
157,1403,CNN,is-not-biased,95,qwen3:30b,
172,900,CNN,is-not-biased,95,qwen3:30b,
260,837,FOX,is-not-biased,95,qwen3:30b,
186,1340,FOX,is-not-biased,95,qwen3:30b,
139,963,CNN,is-not-biased,90,qwen3:30b,
95,1152,BBC,is-not-biased,95,qwen3:30b,
100,1215,BBC,is-not-biased,95,qwen3:30b,
97,1404,BBC,is-not-biased,95,qwen3:30b,
210,1341,FOX,is-not-biased,95,qwen3:30b,
152,39,CNN,is-not-biased,95,qwen3:30b,
72,838,BBC,is-not-biased,95,qwen3:30b,
44,964,BBC,is-not-biased,95,qwen3:30b,
110,901,CNN,is-not-biased,95,qwen3:30b,
210,1153,FOX,is-not-biased,90,qwen3:30b,
157,1405,CNN,is-not-biased,95,qwen3:30b,
229,1216,FOX,is-not-biased,90,qwen3:30b,
132,902,CNN,is-not-biased,95,qwen3:30b,
262,40,FOX,is-not-biased,95,qwen3:30b,
136,839,CNN,is-not-biased,95,qwen3:30b,
235,1342,FOX,is-not-biased,95,qwen3:30b,
171,965,CNN,is-not-biased,95,qwen3:30b,
135,1154,CNN,is-not-biased,95,qwen3:30b,
167,1217,CNN,is-not-biased,95,qwen3:30b,
22,1343,BBC,is-not-biased,95,qwen3:30b,
270,41,FOX,is-not-biased,95,qwen3:30b,
261,840,FOX,is-not-biased,90,qwen3:30b,
192,903,FOX,is-not-biased,90,qwen3:30b,
93,966,BBC,is-not-biased,95,qwen3:30b,
237,1406,FOX,is-not-biased,95,qwen3:30b,
121,1155,CNN,is-not-biased,90,qwen3:30b,
140,1344,CNN,is-not-biased,95,qwen3:30b,
225,1218,FOX,is-not-biased,95,qwen3:30b,
169,1407,CNN,is-not-biased,95,qwen3:30b,
3,967,BBC,is-not-biased,95,qwen3:30b,
263,904,FOX,is-not-biased,95,qwen3:30b,
223,42,FOX,is-not-biased,95,qwen3:30b,
174,841,FOX,is-biased,95,qwen3:30b,
92,1219,BBC,is-not-biased,95,qwen3:30b,
176,1156,FOX,is-not-biased,90,qwen3:30b,
101,1408,BBC,is-not-biased,95,qwen3:30b,
169,1345,CNN,is-not-biased,90,qwen3:30b,
208,43,FOX,is-not-biased,95,qwen3:30b,
140,968,CNN,is-not-biased,95,qwen3:30b,
233,905,FOX,is-not-biased,95,qwen3:30b,
123,1220,CNN,is-not-biased,90,qwen3:30b,
274,1157,FOX,is-not-biased,95,qwen3:30b,
166,1346,CNN,is-not-biased,95,qwen3:30b,
175,842,FOX,is-not-biased,90,qwen3:30b,
193,1409,FOX,is-not-biased,95,qwen3:30b,
33,843,BBC,is-not-biased,95,qwen3:30b,
76,44,BBC,is-not-biased,95,qwen3:30b,
107,1158,BBC,is-not-biased,95,qwen3:30b,
71,969,BBC,is-not-biased,90,qwen3:30b,
148,1347,CNN,is-not-biased,95,qwen3:30b,
280,906,FOX,is-not-biased,95,qwen3:30b,
9,45,BBC,is-not-biased,95,qwen3:30b,
262,1410,FOX,is-not-biased,95,qwen3:30b,
185,1221,FOX,is-not-biased,95,qwen3:30b,
238,907,FOX,is-not-biased,95,qwen3:30b,
94,844,BBC,is-not-biased,95,qwen3:30b,
2,970,BBC,is-not-biased,95,qwen3:30b,
90,1222,BBC,is-not-biased,95,qwen3:30b,
122,1159,CNN,is-biased,85,qwen3:30b,
112,1348,CNN,is-not-biased,95,qwen3:30b,
203,908,FOX,is-not-biased,95,qwen3:30b,
152,845,CNN,is-not-biased,95,qwen3:30b,
29,1411,BBC,is-not-biased,95,qwen3:30b,
143,46,CNN,is-not-biased,90,qwen3:30b,
151,1349,CNN,is-not-biased,95,qwen3:30b,
146,971,CNN,is-not-biased,95,qwen3:30b,
102,1160,BBC,is-not-biased,95,qwen3:30b,
140,1223,CNN,is-not-biased,95,qwen3:30b,
7,47,BBC,is-not-biased,95,qwen3:30b,
158,909,CNN,is-not-biased,95,qwen3:30b,
146,846,CNN,is-not-biased,95,qwen3:30b,
24,972,BBC,is-not-biased,95,qwen3:30b,
95,1412,BBC,is-not-biased,95,qwen3:30b,
203,1350,FOX,is-not-biased,100,qwen3:30b,
141,1413,CNN,is-not-biased,95,qwen3:30b,
200,1161,FOX,is-not-biased,95,qwen3:30b,
265,1224,FOX,is-not-biased,90,qwen3:30b,
271,48,FOX,is-not-biased,95,qwen3:30b,
33,910,BBC,is-not-biased,95,qwen3:30b,
160,847,CNN,is-not-biased,95,qwen3:30b,
98,1225,BBC,is-not-biased,95,qwen3:30b,
100,973,BBC,is-not-biased,90,qwen3:30b,
157,1162,CNN,is-not-biased,95,qwen3:30b,
134,1351,CNN,is-not-biased,95,qwen3:30b,
133,49,CNN,is-not-biased,95,qwen3:30b,
157,848,CNN,is-not-biased,95,qwen3:30b,
122,911,CNN,is-not-biased,95,qwen3:30b,
121,1414,CNN,is-not-biased,95,qwen3:30b,
11,974,BBC,is-not-biased,95,qwen3:30b,
147,1163,CNN,is-not-biased,100,qwen3:30b,
101,1226,BBC,is-not-biased,95,qwen3:30b,
81,1352,BBC,is-not-biased,95,qwen3:30b,
95,1415,BBC,is-not-biased,90,qwen3:30b,
120,912,CNN,is-not-biased,95,qwen3:30b,
277,849,FOX,is-not-biased,95,qwen3:30b,
240,975,FOX,is-not-biased,95,qwen3:30b,
144,1227,CNN,is-not-biased,95,qwen3:30b,
274,50,FOX,is-not-biased,90,qwen3:30b,
114,1164,CNN,is-not-biased,95,qwen3:30b,
11,1353,BBC,is-not-biased,95,qwen3:30b,
152,1416,CNN,is-not-biased,95,qwen3:30b,
63,1165,BBC,is-not-biased,95,qwen3:30b,
105,850,BBC,is-not-biased,90,qwen3:30b,
133,913,CNN,is-not-biased,90,qwen3:30b,
123,51,CNN,is-not-biased,95,qwen3:30b,
45,976,BBC,is-not-biased,95,qwen3:30b,
130,52,CNN,is-not-biased,95,qwen3:30b,
195,1228,FOX,is-not-biased,95,qwen3:30b,
115,1354,CNN,is-not-biased,95,qwen3:30b,
125,851,CNN,is-not-biased,95,qwen3:30b,
286,1417,FOX,is-not-biased,95,qwen3:30b,
151,1166,CNN,is-not-biased,95,qwen3:30b,
227,977,FOX,is-not-biased,95,qwen3:30b,
128,1229,CNN,is-not-biased,95,qwen3:30b,
76,1418,BBC,is-not-biased,95,qwen3:30b,
95,1355,BBC,is-not-biased,90,qwen3:30b,
233,914,FOX,is-not-biased,90,qwen3:30b,
239,53,FOX,is-not-biased,95,qwen3:30b,
51,852,BBC,is-biased,95,qwen3:30b,
167,1230,CNN,is-not-biased,95,qwen3:30b,
38,915,BBC,is-not-biased,95,qwen3:30b,
59,1419,BBC,is-not-biased,95,qwen3:30b,
205,1167,FOX,is-not-biased,90,qwen3:30b,
80,978,BBC,is-not-biased,90,qwen3:30b,
89,1356,BBC,is-not-biased,90,qwen3:30b,
132,54,CNN,is-not-biased,95,qwen3:30b,
163,916,CNN,is-not-biased,95,qwen3:30b,
21,979,BBC,is-not-biased,95,qwen3:30b,
141,853,CNN,is-not-biased,95,qwen3:30b,
157,1168,CNN,is-not-biased,95,qwen3:30b,
161,1231,CNN,is-not-biased,95,qwen3:30b,
10,1357,BBC,is-not-biased,95,qwen3:30b,
75,1420,BBC,is-not-biased,95,qwen3:30b,
136,55,CNN,is-not-biased,95,qwen3:30b,
111,917,CNN,is-not-biased,95,qwen3:30b,
114,1232,CNN,is-not-biased,95,qwen3:30b,
82,1169,BBC,is-not-biased,90,qwen3:30b,
20,1358,BBC,is-not-biased,95,qwen3:30b,
132,1421,CNN,is-not-biased,95,qwen3:30b,
265,980,FOX,is-not-biased,95,qwen3:30b,
244,854,FOX,is-not-biased,95,qwen3:30b,
15,918,BBC,is-not-biased,95,qwen3:30b,
177,56,FOX,is-not-biased,95,qwen3:30b,
96,981,BBC,is-not-biased,95,qwen3:30b,
94,1170,BBC,is-not-biased,95,qwen3:30b,
242,855,FOX,is-not-biased,90,qwen3:30b,
2,1171,BBC,is-not-biased,95,qwen3:30b,
195,1422,FOX,is-not-biased,95,qwen3:30b,
134,57,CNN,is-not-biased,95,qwen3:30b,
46,919,BBC,is-not-biased,95,qwen3:30b,
25,856,BBC,is-not-biased,95,qwen3:30b,
233,1359,FOX,is-not-biased,95,qwen3:30b,
212,1233,FOX,is-not-biased,95,qwen3:30b,
209,982,FOX,is-not-biased,95,qwen3:30b,
59,1360,BBC,is-not-biased,95,qwen3:30b,
230,1423,FOX,is-not-biased,95,qwen3:30b,
6,857,BBC,is-not-biased,95,qwen3:30b,
277,58,FOX,is-not-biased,95,qwen3:30b,
150,920,CNN,is-not-biased,95,qwen3:30b,
87,983,BBC,is-not-biased,95,qwen3:30b,
271,1234,FOX,is-not-biased,90,qwen3:30b,
78,1361,BBC,is-not-biased,95,qwen3:30b,
166,59,CNN,is-not-biased,95,qwen3:30b,
143,1235,CNN,is-not-biased,95,qwen3:30b,
174,1172,FOX,is-not-biased,95,qwen3:30b,
281,1424,FOX,is-not-biased,95,qwen3:30b,
152,858,CNN,is-not-biased,90,qwen3:30b,
280,921,FOX,is-not-biased,95,qwen3:30b,
192,984,FOX,is-not-biased,95,qwen3:30b,
213,1173,FOX,is-not-biased,95,qwen3:30b,
144,1236,CNN,is-not-biased,95,qwen3:30b,
87,1362,BBC,is-not-biased,95,qwen3:30b,
106,60,BBC,is-not-biased,95,qwen3:30b,
106,859,BBC,is-not-biased,95,qwen3:30b,
22,922,BBC,is-not-biased,95,qwen3:30b,
104,1425,BBC,is-not-biased,95,qwen3:30b,
157,1363,CNN,is-not-biased,95,qwen3:30b,
261,1237,FOX,is-not-biased,95,qwen3:30b,
164,1426,CNN,is-not-biased,100,qwen3:30b,
230,1174,FOX,is-not-biased,95,qwen3:30b,
267,61,FOX,is-not-biased,95,qwen3:30b,
253,985,FOX,is-biased,90,qwen3:30b,
227,860,FOX,is-not-biased,95,qwen3:30b,
115,986,CNN,is-not-biased,95,qwen3:30b,
43,1175,BBC,is-not-biased,95,qwen3:30b,
72,923,BBC,is-not-biased,95,qwen3:30b,
147,1364,CNN,is-not-biased,95,qwen3:30b,
13,1176,BBC,is-not-biased,95,qwen3:30b,
246,1238,FOX,is-not-biased,95,qwen3:30b,
109,924,BBC,is-not-biased,95,qwen3:30b,
223,1427,FOX,is-not-biased,95,qwen3:30b,
82,987,BBC,is-not-biased,95,qwen3:30b,
54,62,BBC,is-not-biased,95,qwen3:30b,
148,1428,CNN,is-not-biased,95,qwen3:30b,
104,1239,BBC,is-not-biased,90,qwen3:30b,
262,861,FOX,is-not-biased,90,qwen3:30b,
141,862,CNN,is-not-biased,100,qwen3:30b,
277,988,FOX,is-not-biased,95,qwen3:30b,
174,1365,FOX,is-not-biased,90,qwen3:30b,
136,1177,CNN,is-not-biased,95,qwen3:30b,
155,1240,CNN,is-not-biased,95,qwen3:30b,
10,863,BBC,is-not-biased,95,qwen3:30b,
155,1429,CNN,is-not-biased,95,qwen3:30b,
98,926,BBC,is-not-biased,95,qwen3:30b,
204,925,FOX,is-not-biased,95,qwen3:30b,
94,989,BBC,is-not-biased,90,qwen3:30b,
7,1367,BBC,is-not-biased,95,qwen3:30b,
129,1178,CNN,is-not-biased,100,qwen3:30b,
245,1366,FOX,is-not-biased,95,qwen3:30b,
204,1241,FOX,is-not-biased,95,qwen3:30b,
133,1430,CNN,is-not-biased,95,qwen3:30b,
266,864,FOX,is-not-biased,95,qwen3:30b,
33,927,BBC,is-not-biased,95,qwen3:30b,
203,990,FOX,is-not-biased,95,qwen3:30b,
128,1368,CNN,is-not-biased,95,qwen3:30b,
29,1242,BBC,is-not-biased,95,qwen3:30b,
65,1179,BBC,is-not-biased,95,qwen3:30b,
121,1431,CNN,is-not-biased,90,qwen3:30b,
5,991,BBC,is-not-biased,95,qwen3:30b,
59,928,BBC,is-not-biased,90,qwen3:30b,
20,1243,BBC,is-not-biased,95,qwen3:30b,
130,1180,CNN,is-not-biased,95,qwen3:30b,
242,865,FOX,is-not-biased,95,qwen3:30b,
129,1432,CNN,is-not-biased,95,qwen3:30b,
1,866,BBC,is-not-biased,95,qwen3:30b,
74,1369,BBC,is-not-biased,95,qwen3:30b,
147,929,CNN,is-not-biased,95,qwen3:30b,
101,1181,BBC,is-not-biased,95,qwen3:30b,
141,1244,CNN,is-not-biased,95,qwen3:30b,
263,992,FOX,is-not-biased,95,qwen3:30b,
154,1370,CNN,is-not-biased,95,qwen3:30b,
33,867,BBC,is-not-biased,95,qwen3:30b,
114,1433,CNN,is-not-biased,95,qwen3:30b,
74,1245,BBC,is-not-biased,95,qwen3:30b,
118,1182,CNN,is-not-biased,90,qwen3:30b,
176,930,FOX,is-not-biased,95,qwen3:30b,
271,993,FOX,is-not-biased,95,qwen3:30b,
184,1371,FOX,is-not-biased,95,qwen3:30b,
112,1434,CNN,is-not-biased,95,qwen3:30b,
220,868,FOX,is-not-biased,95,qwen3:30b,
172,994,CNN,is-not-biased,95,qwen3:30b,
279,931,FOX,is-not-biased,90,qwen3:30b,
140,1183,CNN,is-not-biased,95,qwen3:30b,
109,1435,BBC,is-not-biased,95,qwen3:30b,
127,869,CNN,is-not-biased,95,qwen3:30b,
145,1372,CNN,is-not-biased,95,qwen3:30b,
284,1246,FOX,is-not-biased,90,qwen3:30b,
113,1247,CNN,is-not-biased,95,qwen3:30b,
230,932,FOX,is-not-biased,95,qwen3:30b,
226,1184,FOX,is-not-biased,95,qwen3:30b,
259,995,FOX,is-biased,85,qwen3:30b,
159,1436,CNN,is-not-biased,90,qwen3:30b,
169,870,CNN,is-not-biased,95,qwen3:30b,
116,996,CNN,is-not-biased,95,qwen3:30b,
40,933,BBC,is-not-biased,95,qwen3:30b,
158,1185,CNN,is-not-biased,95,qwen3:30b,
157,1248,CNN,is-not-biased,95,qwen3:30b,
14,871,BBC,is-not-biased,95,qwen3:30b,
284,1373,FOX,is-biased,90,qwen3:30b,
76,1374,BBC,is-not-biased,95,qwen3:30b,
94,1437,BBC,is-not-biased,90,qwen3:30b,
131,997,CNN,is-not-biased,95,qwen3:30b,
133,1186,CNN,is-not-biased,95,qwen3:30b,
41,934,BBC,is-not-biased,95,qwen3:30b,
284,1249,FOX,is-not-biased,95,qwen3:30b,
276,872,FOX,is-not-biased,90,qwen3:30b,
185,1375,FOX,is-biased,90,qwen3:30b,
166,935,CNN,is-not-biased,95,qwen3:30b,
204,1438,FOX,is-not-biased,95,qwen3:30b,
33,998,BBC,is-not-biased,95,qwen3:30b,
20,1250,BBC,is-not-biased,95,qwen3:30b,
127,1187,CNN,is-not-biased,95,qwen3:30b,
137,1376,CNN,is-not-biased,95,qwen3:30b,
145,873,CNN,is-not-biased,90,qwen3:30b,
90,936,BBC,is-not-biased,95,qwen3:30b,
161,1439,CNN,is-not-biased,95,qwen3:30b,
156,1188,CNN,is-not-biased,95,qwen3:30b,
262,999,FOX,is-not-biased,90,qwen3:30b,
152,1377,CNN,is-not-biased,90,qwen3:30b,
136,874,CNN,is-not-biased,95,qwen3:30b,
178,1251,FOX,is-not-biased,95,qwen3:30b,
157,1000,CNN,is-not-biased,95,qwen3:30b,
60,937,BBC,is-not-biased,95,qwen3:30b,
6,1189,BBC,is-not-biased,95,qwen3:30b,
157,1378,CNN,is-not-biased,95,qwen3:30b,
173,1440,FOX,is-not-biased,90,qwen3:30b,
208,1252,FOX,is-not-biased,95,qwen3:30b,
168,938,CNN,is-not-biased,95,qwen3:30b,
141,1001,CNN,is-not-biased,95,qwen3:30b,
110,875,CNN,is-not-biased,95,qwen3:30b,
31,1190,BBC,is-not-biased,95,qwen3:30b,
282,1441,FOX,is-biased,85,qwen3:30b,
268,1442,FOX,is-not-biased,95,qwen3:30b,
182,1253,FOX,is-biased,95,qwen3:30b,
267,1379,FOX,is-not-biased,95,qwen3:30b,
136,1002,CNN,is-not-biased,95,qwen3:30b,
166,1191,CNN,is-not-biased,95,qwen3:30b,
60,939,BBC,is-not-biased,95,qwen3:30b,
194,876,FOX,is-not-biased,95,qwen3:30b,
241,1254,FOX,is-not-biased,100,qwen3:30b,
159,1380,CNN,is-not-biased,95,qwen3:30b,
114,940,CNN,is-not-biased,95,qwen3:30b,
168,1192,CNN,is-not-biased,95,qwen3:30b,
105,1003,BBC,is-not-biased,95,qwen3:30b,
186,1443,FOX,is-not-biased,95,qwen3:30b,
104,1381,BBC,is-not-biased,90,qwen3:30b,
121,1255,CNN,is-not-biased,95,qwen3:30b,
157,1444,CNN,is-not-biased,95,qwen3:30b,
231,877,FOX,is-not-biased,90,qwen3:30b,
127,878,CNN,is-not-biased,95,qwen3:30b,
137,1004,CNN,is-not-biased,95,qwen3:30b,
143,1256,CNN,is-not-biased,95,qwen3:30b,
142,941,CNN,is-not-biased,90,qwen3:30b,
2,1382,BBC,is-not-biased,100,qwen3:30b,
250,1193,FOX,is-not-biased,95,qwen3:30b,
101,1445,BBC,is-not-biased,95,qwen3:30b,
146,879,CNN,is-not-biased,95,qwen3:30b,
169,1005,CNN,is-not-biased,90,qwen3:30b,
145,1194,CNN,is-not-biased,95,qwen3:30b,
68,1257,BBC,is-not-biased,95,qwen3:30b,
109,1446,BBC,is-not-biased,95,qwen3:30b,
234,942,FOX,is-not-biased,90,qwen3:30b,
169,1383,CNN,is-not-biased,90,qwen3:30b,
0,1006,BBC,is-not-biased,95,qwen3:30b,
161,880,CNN,is-not-biased,95,qwen3:30b,
16,1195,BBC,is-not-biased,95,qwen3:30b,
37,1384,BBC,is-not-biased,95,qwen3:30b,
214,943,FOX,is-biased,100,qwen3:30b,
98,1447,BBC,is-not-biased,95,qwen3:30b,
166,944,CNN,is-not-biased,92,qwen3:30b,
233,1258,FOX,is-not-biased,90,qwen3:30b,
274,881,FOX,is-not-biased,95,qwen3:30b,
114,1196,CNN,is-not-biased,95,qwen3:30b,
122,1448,CNN,is-not-biased,95,qwen3:30b,
266,1007,FOX,is-not-biased,95,qwen3:30b,
123,1259,CNN,is-not-biased,95,qwen3:30b,
152,882,CNN,is-not-biased,95,qwen3:30b,
230,1385,FOX,is-not-biased,95,qwen3:30b,
95,1008,BBC,is-not-biased,90,qwen3:30b,
65,1260,BBC,is-not-biased,95,qwen3:30b,
253,945,FOX,is-biased,85,qwen3:30b,
197,1197,FOX,is-not-biased,95,qwen3:30b,
184,1386,FOX,is-not-biased,95,qwen3:30b,
88,883,BBC,is-not-biased,95,qwen3:30b,
146,1449,CNN,is-not-biased,95,qwen3:30b,
158,946,CNN,is-not-biased,95,qwen3:30b,
157,1198,CNN,is-not-biased,95,qwen3:30b,
112,1009,CNN,is-not-biased,95,qwen3:30b,
193,1261,FOX,is-not-biased,95,qwen3:30b,
71,947,BBC,is-not-biased,95,qwen3:30b,
39,884,BBC,is-not-biased,95,qwen3:30b,
95,1387,BBC,is-not-biased,90,qwen3:30b,
16,1010,BBC,is-not-biased,95,qwen3:30b,
155,1262,CNN,is-not-biased,95,qwen3:30b,
9,1199,BBC,is-not-biased,95,qwen3:30b,
283,1450,FOX,is-biased,85,qwen3:30b,
211,885,FOX,is-not-biased,95,qwen3:30b,
49,948,BBC,is-not-biased,95,qwen3:30b,
204,1451,FOX,is-not-biased,90,qwen3:30b,
94,1011,BBC,is-not-biased,90,qwen3:30b,
230,1388,FOX,is-not-biased,95,qwen3:30b,
21,1200,BBC,is-not-biased,95,qwen3:30b,
115,1263,CNN,is-not-biased,95,qwen3:30b,
143,1452,CNN,is-not-biased,95,qwen3:30b,
63,949,BBC,is-not-biased,90,qwen3:30b,
257,886,FOX,is-not-biased,95,qwen3:30b,
101,1012,BBC,is-not-biased,95,qwen3:30b,
75,1264,BBC,is-not-biased,95,qwen3:30b,
279,1201,FOX,is-not-biased,95,qwen3:30b,
174,1389,FOX,is-not-biased,95,qwen3:30b,
20,1453,BBC,is-not-biased,95,qwen3:30b,
142,950,CNN,is-not-biased,95,qwen3:30b,
7,1202,BBC,is-not-biased,90,qwen3:30b,
213,887,FOX,is-not-biased,95,qwen3:30b,
38,1013,BBC,is-not-biased,95,qwen3:30b,
77,1454,BBC,is-not-biased,95,qwen3:30b,
167,1265,CNN,is-not-biased,95,qwen3:30b,
88,951,BBC,is-not-biased,95,qwen3:30b,
162,1391,CNN,is-not-biased,95,qwen3:30b,
101,888,BBC,is-not-biased,95,qwen3:30b,
203,1203,FOX,is-not-biased,95,qwen3:30b,
147,1266,CNN,is-not-biased,95,qwen3:30b,
278,1390,FOX,is-biased,95,qwen3:30b,
121,1392,CNN,is-not-biased,95,qwen3:30b,
154,889,CNN,is-not-biased,95,qwen3:30b,
133,952,CNN,is-not-biased,90,qwen3:30b,
230,1455,FOX,is-not-biased,95,qwen3:30b,
215,1015,FOX,is-not-biased,90,qwen3:30b,
187,1014,FOX,is-biased,90,qwen3:30b,
169,1204,CNN,is-not-biased,95,qwen3:30b,
264,1267,FOX,is-not-biased,95,qwen3:30b,
67,1393,BBC,is-not-biased,95,qwen3:30b,
88,890,BBC,is-not-biased,95,qwen3:30b,
105,953,BBC,is-not-biased,95,qwen3:30b,
59,1456,BBC,is-not-biased,95,qwen3:30b,
89,1394,BBC,is-not-biased,95,qwen3:30b,
54,1205,BBC,is-not-biased,95,qwen3:30b,
224,1268,FOX,is-not-biased,95,qwen3:30b,
155,1457,CNN,is-not-biased,95,qwen3:30b,
262,1016,FOX,is-not-biased,90,qwen3:30b,
60,954,BBC,is-not-biased,95,qwen3:30b,
262,891,FOX,is-not-biased,95,qwen3:30b,
252,1206,FOX,is-not-biased,95,qwen3:30b,
230,1017,FOX,is-not-biased,95,qwen3:30b,
131,1395,CNN,is-not-biased,95,qwen3:30b,
77,1269,BBC,is-not-biased,95,qwen3:30b,
77,892,BBC,is-not-biased,95,qwen3:30b,
41,1458,BBC,is-not-biased,95,qwen3:30b,
118,955,CNN,is-not-biased,95,qwen3:30b,
111,1018,CNN,is-not-biased,95,qwen3:30b,
2,1396,BBC,is-not-biased,95,qwen3:30b,
207,1207,FOX,is-not-biased,95,qwen3:30b,
270,1270,FOX,is-not-biased,90,qwen3:30b,
101,578,BBC,is-not-biased,95,qwen3:30b,
118,326,CNN,is-not-biased,90,qwen3:30b,
125,641,CNN,is-not-biased,95,qwen3:30b,
64,579,BBC,is-not-biased,95,qwen3:30b,
153,642,CNN,is-not-biased,95,qwen3:30b,
250,1459,FOX,is-not-biased,95,qwen3:30b,
101,328,BBC,is-not-biased,95,qwen3:30b,
110,580,CNN,is-not-biased,95,qwen3:30b,
173,327,FOX,is-not-biased,90,qwen3:30b,
172,643,CNN,is-not-biased,95,qwen3:30b,
168,581,CNN,is-not-biased,90,qwen3:30b,
161,644,CNN,is-not-biased,95,qwen3:30b,
118,582,CNN,is-not-biased,90,qwen3:30b,
242,330,FOX,is-not-biased,90,qwen3:30b,
203,645,FOX,is-not-biased,95,qwen3:30b,
271,329,FOX,is-not-biased,95,qwen3:30b,
133,331,CNN,is-not-biased,90,qwen3:30b,
156,646,CNN,is-not-biased,95,qwen3:30b,
167,583,CNN,is-not-biased,90,qwen3:30b,
3,333,BBC,is-not-biased,95,qwen3:30b,
239,332,FOX,is-not-biased,95,qwen3:30b,
58,647,BBC,is-not-biased,95,qwen3:30b,
8,584,BBC,is-not-biased,95,qwen3:30b,
87,648,BBC,is-not-biased,95,qwen3:30b,
160,585,CNN,is-not-biased,95,qwen3:30b,
20,586,BBC,is-not-biased,95,qwen3:30b,
111,587,CNN,is-not-biased,95,qwen3:30b,
22,335,BBC,is-not-biased,95,qwen3:30b,
2,336,BBC,is-not-biased,100,qwen3:30b,
205,334,FOX,is-not-biased,95,qwen3:30b,
138,650,CNN,is-not-biased,95,qwen3:30b,
7,651,BBC,is-not-biased,95,qwen3:30b,
179,649,FOX,is-not-biased,90,qwen3:30b,
138,588,CNN,is-not-biased,95,qwen3:30b,
241,337,FOX,is-not-biased,100,qwen3:30b,
158,652,CNN,is-not-biased,95,qwen3:30b,
36,338,BBC,is-not-biased,95,qwen3:30b,
277,589,FOX,is-not-biased,95,qwen3:30b,
125,590,CNN,is-not-biased,95,qwen3:30b,
75,339,BBC,is-not-biased,95,qwen3:30b,
71,591,BBC,is-not-biased,95,qwen3:30b,
150,592,CNN,is-not-biased,95,qwen3:30b,
62,340,BBC,is-not-biased,95,qwen3:30b,
90,654,BBC,is-not-biased,95,qwen3:30b,
234,653,FOX,is-not-biased,95,qwen3:30b,
136,341,CNN,is-not-biased,95,qwen3:30b,
116,655,CNN,is-not-biased,95,qwen3:30b,
115,656,CNN,is-not-biased,95,qwen3:30b,
73,342,BBC,is-not-biased,85,qwen3:30b,
233,594,FOX,is-not-biased,95,qwen3:30b,
150,343,CNN,is-not-biased,95,qwen3:30b,
211,593,FOX,is-not-biased,95,qwen3:30b,
140,658,CNN,is-not-biased,95,qwen3:30b,
203,344,FOX,is-not-biased,95,qwen3:30b,
182,595,FOX,is-biased,95,qwen3:30b,
129,345,CNN,is-not-biased,95,qwen3:30b,
25,596,BBC,is-not-biased,95,qwen3:30b,
210,659,FOX,is-not-biased,95,qwen3:30b,
261,657,FOX,is-biased,85,qwen3:30b,
121,660,CNN,is-not-biased,95,qwen3:30b,
277,597,FOX,is-not-biased,95,qwen3:30b,
155,347,CNN,is-not-biased,95,qwen3:30b,
192,598,FOX,is-not-biased,95,qwen3:30b,
281,661,FOX,is-not-biased,95,qwen3:30b,
105,662,BBC,is-not-biased,95,qwen3:30b,
93,348,BBC,is-not-biased,90,qwen3:30b,
177,599,FOX,is-not-biased,95,qwen3:30b,
275,346,FOX,is-not-biased,95,qwen3:30b,
281,600,FOX,is-not-biased,95,qwen3:30b,
121,663,CNN,is-not-biased,90,qwen3:30b,
146,349,CNN,is-not-biased,95,qwen3:30b,
166,350,CNN,is-not-biased,95,qwen3:30b,
50,601,BBC,is-not-biased,95,qwen3:30b,
125,665,CNN,is-not-biased,95,qwen3:30b,
228,602,FOX,is-not-biased,90,qwen3:30b,
43,351,BBC,is-not-biased,95,qwen3:30b,
247,664,FOX,is-not-biased,95,qwen3:30b,
132,604,CNN,is-not-biased,92,qwen3:30b,
58,666,BBC,is-not-biased,95,qwen3:30b,
246,603,FOX,is-not-biased,95,qwen3:30b,
157,353,CNN,is-not-biased,95,qwen3:30b,
195,352,FOX,is-not-biased,95,qwen3:30b,
146,667,CNN,is-not-biased,95,qwen3:30b,
12,668,BBC,is-not-biased,95,qwen3:30b,
152,354,CNN,is-not-biased,95,qwen3:30b,
22,606,BBC,is-not-biased,95,qwen3:30b,
208,605,FOX,is-not-biased,95,qwen3:30b,
99,355,BBC,is-not-biased,95,qwen3:30b,
152,607,CNN,is-not-biased,95,qwen3:30b,
20,356,BBC,is-not-biased,95,qwen3:30b,
176,670,FOX,is-not-biased,95,qwen3:30b,
198,669,FOX,is-not-biased,95,qwen3:30b,
205,608,FOX,is-not-biased,95,qwen3:30b,
230,671,FOX,is-not-biased,95,qwen3:30b,
140,672,CNN,is-not-biased,95,qwen3:30b,
180,609,FOX,is-not-biased,95,qwen3:30b,
160,357,CNN,is-not-biased,90,qwen3:30b,
147,610,CNN,is-not-biased,95,qwen3:30b,
84,673,BBC,is-not-biased,95,qwen3:30b,
123,358,CNN,is-not-biased,95,qwen3:30b,
144,611,CNN,is-not-biased,95,qwen3:30b,
116,359,CNN,is-not-biased,95,qwen3:30b,
196,674,FOX,is-not-biased,95,qwen3:30b,
98,612,BBC,is-not-biased,95,qwen3:30b,
101,675,BBC,is-not-biased,95,qwen3:30b,
263,360,FOX,is-not-biased,95,qwen3:30b,
144,613,CNN,is-not-biased,95,qwen3:30b,
113,676,CNN,is-not-biased,95,qwen3:30b,
171,361,CNN,is-not-biased,95,qwen3:30b,
25,362,BBC,is-not-biased,95,qwen3:30b,
164,614,CNN,is-not-biased,95,qwen3:30b,
86,615,BBC,is-not-biased,95,qwen3:30b,
129,677,CNN,is-not-biased,95,qwen3:30b,
67,678,BBC,is-not-biased,95,qwen3:30b,
122,363,CNN,is-not-biased,90,qwen3:30b,
101,365,BBC,is-not-biased,95,qwen3:30b,
114,364,CNN,is-not-biased,95,qwen3:30b,
95,679,BBC,is-not-biased,95,qwen3:30b,
262,616,FOX,is-not-biased,95,qwen3:30b,
42,680,BBC,is-not-biased,95,qwen3:30b,
40,366,BBC,is-not-biased,95,qwen3:30b,
128,618,CNN,is-not-biased,95,qwen3:30b,
266,617,FOX,is-not-biased,95,qwen3:30b,
220,367,FOX,is-not-biased,95,qwen3:30b,
148,619,CNN,is-not-biased,95,qwen3:30b,
184,681,FOX,is-not-biased,90,qwen3:30b,
142,682,CNN,is-not-biased,95,qwen3:30b,
97,368,BBC,is-not-biased,95,qwen3:30b,
11,620,BBC,is-not-biased,95,qwen3:30b,
192,369,FOX,is-not-biased,95,qwen3:30b,
150,621,CNN,is-not-biased,95,qwen3:30b,
136,684,CNN,is-not-biased,95,qwen3:30b,
210,683,FOX,is-not-biased,100,qwen3:30b,
263,370,FOX,is-not-biased,95,qwen3:30b,
2,371,BBC,is-not-biased,95,qwen3:30b,
65,685,BBC,is-not-biased,90,qwen3:30b,
105,623,BBC,is-not-biased,95,qwen3:30b,
91,372,BBC,is-not-biased,95,qwen3:30b,
145,686,CNN,is-not-biased,90,qwen3:30b,
86,624,BBC,is-not-biased,95,qwen3:30b,
2,687,BBC,is-not-biased,95,qwen3:30b,
153,373,CNN,is-not-biased,95,qwen3:30b,
63,374,BBC,is-not-biased,95,qwen3:30b,
259,622,FOX,is-not-biased,90,qwen3:30b,
194,625,FOX,is-not-biased,95,qwen3:30b,
165,688,CNN,is-not-biased,90,qwen3:30b,
241,689,FOX,is-not-biased,95,qwen3:30b,
76,627,BBC,is-not-biased,95,qwen3:30b,
48,626,BBC,is-not-biased,90,qwen3:30b,
125,375,CNN,is-not-biased,95,qwen3:30b,
86,690,BBC,is-not-biased,95,qwen3:30b,
9,376,BBC,is-not-biased,95,qwen3:30b,
1,628,BBC,is-not-biased,90,qwen3:30b,
93,629,BBC,is-not-biased,95,qwen3:30b,
230,377,FOX,is-not-biased,95,qwen3:30b,
219,691,FOX,is-not-biased,95,qwen3:30b,
162,378,CNN,is-not-biased,90,qwen3:30b,
112,630,CNN,is-not-biased,95,qwen3:30b,
244,692,FOX,is-not-biased,95,qwen3:30b,
65,379,BBC,is-not-biased,95,qwen3:30b,
105,631,BBC,is-not-biased,95,qwen3:30b,
78,380,BBC,is-not-biased,95,qwen3:30b,
183,693,FOX,is-not-biased,100,qwen3:30b,
28,694,BBC,is-not-biased,95,qwen3:30b,
88,381,BBC,is-not-biased,95,qwen3:30b,
49,696,BBC,is-not-biased,95,qwen3:30b,
240,695,FOX,is-not-biased,95,qwen3:30b,
22,634,BBC,is-not-biased,95,qwen3:30b,
194,633,FOX,is-not-biased,95,qwen3:30b,
142,697,CNN,is-not-biased,95,qwen3:30b,
112,383,CNN,is-not-biased,95,qwen3:30b,
198,382,FOX,is-not-biased,95,qwen3:30b,
98,698,BBC,is-not-biased,95,qwen3:30b,
159,635,CNN,is-not-biased,90,qwen3:30b,
131,384,CNN,is-not-biased,95,qwen3:30b,
142,636,CNN,is-not-biased,95,qwen3:30b,
144,699,CNN,is-not-biased,95,qwen3:30b,
217,632,FOX,is-not-biased,85,qwen3:30b,
121,637,CNN,is-not-biased,95,qwen3:30b,
133,385,CNN,is-not-biased,90,qwen3:30b,
116,386,CNN,is-not-biased,95,qwen3:30b,
202,700,FOX,is-not-biased,90,qwen3:30b,
109,638,BBC,is-not-biased,95,qwen3:30b,
11,387,BBC,is-not-biased,95,qwen3:30b,
150,639,CNN,is-not-biased,95,qwen3:30b,
102,701,BBC,is-not-biased,90,qwen3:30b,
172,640,CNN,is-not-biased,95,qwen3:30b,
74,388,BBC,is-not-biased,90,qwen3:30b,
103,703,BBC,is-not-biased,95,qwen3:30b,
125,1586,CNN,is-not-biased,95,qwen3:30b,
266,702,FOX,is-not-biased,90,qwen3:30b,
128,1650,CNN,is-not-biased,100,qwen3:30b,
221,1588,FOX,is-not-biased,95,qwen3:30b,
184,1587,FOX,is-not-biased,90,qwen3:30b,
126,1652,CNN,is-not-biased,95,qwen3:30b,
3,1590,BBC,is-not-biased,95,qwen3:30b,
260,1589,FOX,is-not-biased,95,qwen3:30b,
243,1651,FOX,is-not-biased,90,qwen3:30b,
214,1649,FOX,is-biased,85,qwen3:30b,
43,64,BBC,is-not-biased,95,qwen3:30b,
213,1653,FOX,is-not-biased,95,qwen3:30b,
123,1591,CNN,is-not-biased,95,qwen3:30b,
125,1592,CNN,is-not-biased,95,qwen3:30b,
34,1655,BBC,is-not-biased,95,qwen3:30b,
288,1654,FOX,is-not-biased,95,qwen3:30b,
71,1656,BBC,is-not-biased,95,qwen3:30b,
260,1593,FOX,is-not-biased,90,qwen3:30b,
127,1657,CNN,is-not-biased,95,qwen3:30b,
127,1594,CNN,is-not-biased,95,qwen3:30b,
281,1595,FOX,is-not-biased,95,qwen3:30b,
126,1659,CNN,is-not-biased,95,qwen3:30b,
73,1658,BBC,is-not-biased,90,qwen3:30b,
289,1596,FOX,is-not-biased,95,qwen3:30b,
248,1660,FOX,is-not-biased,95,qwen3:30b,
72,1597,BBC,is-not-biased,90,qwen3:30b,
263,1598,FOX,is-not-biased,90,qwen3:30b,
123,63,CNN,is-not-biased,95,qwen3:30b,
43,1661,BBC,is-not-biased,90,qwen3:30b,
25,74,BBC,is-not-biased,95,qwen3:30b,
76,1662,BBC,is-not-biased,95,qwen3:30b,
119,1600,CNN,is-not-biased,95,qwen3:30b,
213,1599,FOX,is-not-biased,95,qwen3:30b,
157,75,CNN,is-not-biased,95,qwen3:30b,
128,1663,CNN,is-not-biased,95,qwen3:30b,
72,1601,BBC,is-not-biased,90,qwen3:30b,
118,1602,CNN,is-not-biased,95,qwen3:30b,
118,1665,CNN,is-not-biased,95,qwen3:30b,
70,1603,BBC,is-not-biased,95,qwen3:30b,
175,1664,FOX,is-not-biased,95,qwen3:30b,
15,1666,BBC,is-not-biased,95,qwen3:30b,
52,76,BBC,is-not-biased,95,qwen3:30b,
86,65,BBC,is-not-biased,95,qwen3:30b,
125,1667,CNN,is-not-biased,95,qwen3:30b,
167,66,CNN,is-not-biased,95,qwen3:30b,
76,1605,BBC,is-not-biased,95,qwen3:30b,
263,1669,FOX,is-not-biased,90,qwen3:30b,
65,1606,BBC,is-not-biased,95,qwen3:30b,
184,1604,FOX,is-not-biased,95,qwen3:30b,
22,69,BBC,is-not-biased,95,qwen3:30b,
288,1668,FOX,is-not-biased,95,qwen3:30b,
127,1607,CNN,is-not-biased,95,qwen3:30b,
70,1670,BBC,is-not-biased,95,qwen3:30b,
76,1608,BBC,is-not-biased,95,qwen3:30b,
74,1672,BBC,is-not-biased,95,qwen3:30b,
118,79,CNN,is-not-biased,90,qwen3:30b,
286,1671,FOX,is-not-biased,95,qwen3:30b,
105,72,BBC,is-not-biased,95,qwen3:30b,
70,1610,BBC,is-not-biased,95,qwen3:30b,
97,70,BBC,is-not-biased,95,qwen3:30b,
73,1609,BBC,is-biased,85,qwen3:30b,
117,1611,CNN,is-not-biased,95,qwen3:30b,
122,1674,CNN,is-not-biased,95,qwen3:30b,
122,1675,CNN,is-not-biased,95,qwen3:30b,
119,1673,CNN,is-not-biased,95,qwen3:30b,
122,1613,CNN,is-not-biased,90,qwen3:30b,
125,1612,CNN,is-not-biased,95,qwen3:30b,
118,1676,CNN,is-not-biased,95,qwen3:30b,
262,1677,FOX,is-not-biased,95,qwen3:30b,
248,1614,FOX,is-not-biased,90,qwen3:30b,
66,1678,BBC,is-not-biased,95,qwen3:30b,
69,1615,BBC,is-not-biased,95,qwen3:30b,
3,1616,BBC,is-not-biased,95,qwen3:30b,
192,1679,FOX,is-not-biased,95,qwen3:30b,
268,1680,FOX,is-not-biased,95,qwen3:30b,
288,1617,FOX,is-biased,95,qwen3:30b,
110,1681,CNN,is-not-biased,95,qwen3:30b,
213,1618,FOX,is-not-biased,95,qwen3:30b,
119,1619,CNN,is-not-biased,90,qwen3:30b,
51,1683,BBC,is-not-biased,92,qwen3:30b,
118,1620,CNN,is-not-biased,90,qwen3:30b,
75,1621,BBC,is-not-biased,95,qwen3:30b,
19,1684,BBC,is-not-biased,95,qwen3:30b,
71,1622,BBC,is-not-biased,95,qwen3:30b,
278,1682,FOX,is-not-biased,90,qwen3:30b,
192,1685,FOX,is-not-biased,90,qwen3:30b,
119,1623,CNN,is-not-biased,90,qwen3:30b,
128,1624,CNN,is-not-biased,95,qwen3:30b,
52,1686,BBC,is-not-biased,95,qwen3:30b,
123,1625,CNN,is-not-biased,95,qwen3:30b,
114,1688,CNN,is-not-biased,95,qwen3:30b,
110,1687,CNN,is-not-biased,90,qwen3:30b,
101,68,BBC,is-not-biased,95,qwen3:30b,
105,73,BBC,is-not-biased,95,qwen3:30b,
58,1689,BBC,is-not-biased,95,qwen3:30b,
119,1627,CNN,is-not-biased,95,qwen3:30b,
260,1626,FOX,is-not-biased,95,qwen3:30b,
110,1690,CNN,is-not-biased,90,qwen3:30b,
119,1628,CNN,is-not-biased,95,qwen3:30b,
65,1629,BBC,is-not-biased,95,qwen3:30b,
76,1630,BBC,is-not-biased,95,qwen3:30b,
63,1631,BBC,is-not-biased,95,qwen3:30b,
205,1691,FOX,is-not-biased,90,qwen3:30b,
110,1693,CNN,is-not-biased,95,qwen3:30b,
211,1692,FOX,is-not-biased,95,qwen3:30b,
114,1694,CNN,is-not-biased,95,qwen3:30b,
262,1632,FOX,is-not-biased,95,qwen3:30b,
121,1633,CNN,is-not-biased,95,qwen3:30b,
192,1695,FOX,is-not-biased,95,qwen3:30b,
94,71,BBC,is-not-biased,95,qwen3:30b,
126,1634,CNN,is-not-biased,95,qwen3:30b,
72,1635,BBC,is-not-biased,95,qwen3:30b,
211,1698,FOX,is-not-biased,100,qwen3:30b,
265,1696,FOX,is-not-biased,90,qwen3:30b,
168,77,CNN,is-not-biased,95,qwen3:30b,
192,1697,FOX,is-not-biased,90,qwen3:30b,
127,1637,CNN,is-not-biased,95,qwen3:30b,
50,1699,BBC,is-not-biased,95,qwen3:30b,
123,1636,CNN,is-not-biased,95,qwen3:30b,
110,1700,CNN,is-not-biased,95,qwen3:30b,
58,1701,BBC,is-not-biased,95,qwen3:30b,
32,1639,BBC,is-not-biased,95,qwen3:30b,
286,1638,FOX,is-not-biased,95,qwen3:30b,
119,1640,CNN,is-not-biased,95,qwen3:30b,
140,78,CNN,is-not-biased,95,qwen3:30b,
112,1702,CNN,is-not-biased,95,qwen3:30b,
193,1703,FOX,is-not-biased,95,qwen3:30b,
111,1704,CNN,is-not-biased,95,qwen3:30b,
121,1641,CNN,is-not-biased,90,qwen3:30b,
70,1642,BBC,is-not-biased,95,qwen3:30b,
48,1705,BBC,is-not-biased,90,qwen3:30b,
4,1643,BBC,is-not-biased,95,qwen3:30b,
76,1644,BBC,is-not-biased,95,qwen3:30b,
116,1706,CNN,is-not-biased,100,qwen3:30b,
15,1645,BBC,is-not-biased,95,qwen3:30b,
124,1646,CNN,is-not-biased,95,qwen3:30b,
111,1709,CNN,is-not-biased,95,qwen3:30b,
59,1708,BBC,is-not-biased,95,qwen3:30b,
116,1710,CNN,is-not-biased,95,qwen3:30b,
195,1707,FOX,is-not-biased,95,qwen3:30b,
126,1648,CNN,is-not-biased,95,qwen3:30b,
105,67,BBC,is-not-biased,95,qwen3:30b,
195,1711,FOX,is-not-biased,95,qwen3:30b,
180,263,FOX,is-not-biased,95,qwen3:30b,
266,200,FOX,is-not-biased,95,qwen3:30b,
288,1647,FOX,is-not-biased,90,qwen3:30b,
115,1964,CNN,is-not-biased,95,qwen3:30b,
108,1019,BBC,is-not-biased,95,qwen3:30b,
193,2027,FOX,is-not-biased,100,qwen3:30b,
197,704,FOX,is-not-biased,90,qwen3:30b,
93,201,BBC,is-not-biased,95,qwen3:30b,
25,264,BBC,is-not-biased,95,qwen3:30b,
110,2153,CNN,is-not-biased,95,qwen3:30b,
94,705,BBC,is-not-biased,90,qwen3:30b,
112,1965,CNN,is-not-biased,95,qwen3:30b,
113,2028,CNN,is-not-biased,95,qwen3:30b,
140,202,CNN,is-not-biased,95,qwen3:30b,
115,2154,CNN,is-not-biased,95,qwen3:30b,
205,1020,FOX,is-not-biased,95,qwen3:30b,
58,265,BBC,is-not-biased,95,qwen3:30b,
27,1966,BBC,is-not-biased,95,qwen3:30b,
218,706,FOX,is-not-biased,95,qwen3:30b,
60,2029,BBC,is-not-biased,95,qwen3:30b,
167,1021,CNN,is-not-biased,95,qwen3:30b,
20,203,BBC,is-not-biased,95,qwen3:30b,
166,707,CNN,is-not-biased,95,qwen3:30b,
114,2155,CNN,is-not-biased,95,qwen3:30b,
145,266,CNN,is-not-biased,90,qwen3:30b,
122,1022,CNN,is-not-biased,92,qwen3:30b,
13,1967,BBC,is-not-biased,95,qwen3:30b,
106,204,BBC,is-not-biased,95,qwen3:30b,
141,267,CNN,is-not-biased,95,qwen3:30b,
52,2030,BBC,is-not-biased,95,qwen3:30b,
101,708,BBC,is-not-biased,95,qwen3:30b,
111,1968,CNN,is-not-biased,95,qwen3:30b,
51,2157,BBC,is-biased,95,qwen3:30b,
195,1023,FOX,is-not-biased,95,qwen3:30b,
211,2156,FOX,is-not-biased,95,qwen3:30b,
116,2031,CNN,is-not-biased,95,qwen3:30b,
151,1024,CNN,is-not-biased,95,qwen3:30b,
70,709,BBC,is-not-biased,95,qwen3:30b,
59,268,BBC,is-not-biased,95,qwen3:30b,
242,205,FOX,is-not-biased,95,qwen3:30b,
110,2158,CNN,is-not-biased,95,qwen3:30b,
16,2032,BBC,is-not-biased,95,qwen3:30b,
59,1969,BBC,is-not-biased,90,qwen3:30b,
128,269,CNN,is-not-biased,95,qwen3:30b,
128,710,CNN,is-not-biased,95,qwen3:30b,
169,206,CNN,is-not-biased,90,qwen3:30b,
9,1025,BBC,is-not-biased,90,qwen3:30b,
2,1970,BBC,is-not-biased,100,qwen3:30b,
62,2159,BBC,is-not-biased,95,qwen3:30b,
277,270,FOX,is-not-biased,95,qwen3:30b,
100,207,BBC,is-not-biased,95,qwen3:30b,
157,711,CNN,is-not-biased,95,qwen3:30b,
116,1971,CNN,is-not-biased,95,qwen3:30b,
111,2034,CNN,is-not-biased,95,qwen3:30b,
281,1026,FOX,is-not-biased,95,qwen3:30b,
113,2160,CNN,is-not-biased,95,qwen3:30b,
211,2033,FOX,is-not-biased,95,qwen3:30b,
7,208,BBC,is-not-biased,90,qwen3:30b,
131,271,CNN,is-not-biased,95,qwen3:30b,
111,1972,CNN,is-not-biased,95,qwen3:30b,
146,712,CNN,is-not-biased,95,qwen3:30b,
110,2035,CNN,is-not-biased,95,qwen3:30b,
161,1027,CNN,is-not-biased,95,qwen3:30b,
69,209,BBC,is-not-biased,95,qwen3:30b,
277,713,FOX,is-not-biased,95,qwen3:30b,
110,2161,CNN,is-not-biased,95,qwen3:30b,
94,272,BBC,is-not-biased,95,qwen3:30b,
86,1028,BBC,is-not-biased,95,qwen3:30b,
112,2162,CNN,is-not-biased,95,qwen3:30b,
115,1973,CNN,is-not-biased,95,qwen3:30b,
157,273,CNN,is-not-biased,95,qwen3:30b,
215,2036,FOX,is-not-biased,95,qwen3:30b,
149,210,CNN,is-not-biased,95,qwen3:30b,
77,1029,BBC,is-not-biased,95,qwen3:30b,
45,1974,BBC,is-not-biased,95,qwen3:30b,
57,2037,BBC,is-not-biased,95,qwen3:30b,
29,211,BBC,is-not-biased,95,qwen3:30b,
110,2163,CNN,is-not-biased,100,qwen3:30b,
197,714,FOX,is-not-biased,95,qwen3:30b,
112,1975,CNN,is-not-biased,95,qwen3:30b,
208,274,FOX,is-not-biased,95,qwen3:30b,
51,2038,BBC,is-not-biased,85,qwen3:30b,
188,715,FOX,is-biased,95,qwen3:30b,
114,2164,CNN,is-not-biased,95,qwen3:30b,
237,1030,FOX,is-not-biased,95,qwen3:30b,
123,716,CNN,is-not-biased,95,qwen3:30b,
205,1031,FOX,is-not-biased,95,qwen3:30b,
282,212,FOX,is-biased,90,qwen3:30b,
50,2039,BBC,is-not-biased,95,qwen3:30b,
57,1976,BBC,is-not-biased,95,qwen3:30b,
115,2165,CNN,is-not-biased,95,qwen3:30b,
262,275,FOX,is-not-biased,85,qwen3:30b,
92,276,BBC,is-not-biased,95,qwen3:30b,
33,717,BBC,is-not-biased,95,qwen3:30b,
269,1977,FOX,is-not-biased,95,qwen3:30b,
169,213,CNN,is-not-biased,95,qwen3:30b,
16,2040,BBC,is-not-biased,95,qwen3:30b,
116,2166,CNN,is-not-biased,95,qwen3:30b,
105,214,BBC,is-not-biased,95,qwen3:30b,
227,277,FOX,is-not-biased,95,qwen3:30b,
162,1033,CNN,is-not-biased,95,qwen3:30b,
104,718,BBC,is-not-biased,90,qwen3:30b,
275,1032,FOX,is-not-biased,90,qwen3:30b,
114,2041,CNN,is-not-biased,95,qwen3:30b,
58,2167,BBC,is-not-biased,95,qwen3:30b,
76,215,BBC,is-not-biased,95,qwen3:30b,
145,1034,CNN,is-not-biased,90,qwen3:30b,
141,278,CNN,is-not-biased,95,qwen3:30b,
259,1978,FOX,is-not-biased,90,qwen3:30b,
101,719,BBC,is-not-biased,95,qwen3:30b,
211,1979,FOX,is-not-biased,95,qwen3:30b,
279,279,FOX,is-not-biased,95,qwen3:30b,
110,2042,CNN,is-not-biased,95,qwen3:30b,
154,216,CNN,is-not-biased,95,qwen3:30b,
132,1035,CNN,is-not-biased,95,qwen3:30b,
222,2168,FOX,is-not-biased,95,qwen3:30b,
210,720,FOX,is-not-biased,90,qwen3:30b,
16,2043,BBC,is-not-biased,95,qwen3:30b,
20,217,BBC,is-not-biased,95,qwen3:30b,
152,280,CNN,is-not-biased,95,qwen3:30b,
101,1036,BBC,is-not-biased,95,qwen3:30b,
143,721,CNN,is-not-biased,95,qwen3:30b,
245,1980,FOX,is-not-biased,90,qwen3:30b,
259,2169,FOX,is-not-biased,90,qwen3:30b,
114,1981,CNN,is-not-biased,95,qwen3:30b,
36,2170,BBC,is-not-biased,95,qwen3:30b,
115,2044,CNN,is-not-biased,95,qwen3:30b,
77,218,BBC,is-not-biased,95,qwen3:30b,
159,1037,CNN,is-not-biased,95,qwen3:30b,
54,1982,BBC,is-not-biased,95,qwen3:30b,
287,281,FOX,is-not-biased,95,qwen3:30b,
278,722,FOX,is-not-biased,95,qwen3:30b,
98,282,BBC,is-not-biased,95,qwen3:30b,
54,2171,BBC,is-not-biased,95,qwen3:30b,
245,2045,FOX,is-not-biased,95,qwen3:30b,
182,219,FOX,is-biased,95,qwen3:30b,
244,1038,FOX,is-not-biased,95,qwen3:30b,
110,1983,CNN,is-not-biased,90,qwen3:30b,
244,723,FOX,is-not-biased,95,qwen3:30b,
168,220,CNN,is-not-biased,95,qwen3:30b,
48,2172,BBC,is-not-biased,95,qwen3:30b,
114,2046,CNN,is-not-biased,100,qwen3:30b,
130,283,CNN,is-not-biased,90,qwen3:30b,
63,724,BBC,is-not-biased,95,qwen3:30b,
119,1039,CNN,is-not-biased,95,qwen3:30b,
19,1984,BBC,is-not-biased,95,qwen3:30b,
58,2173,BBC,is-not-biased,90,qwen3:30b,
152,221,CNN,is-not-biased,95,qwen3:30b,
105,284,BBC,is-not-biased,95,qwen3:30b,
195,2047,FOX,is-not-biased,95,qwen3:30b,
79,1040,BBC,is-not-biased,100,qwen3:30b,
12,2048,BBC,is-not-biased,95,qwen3:30b,
193,1985,FOX,is-not-biased,95,qwen3:30b,
193,2174,FOX,is-not-biased,90,qwen3:30b,
231,725,FOX,is-not-biased,95,qwen3:30b,
58,726,BBC,is-not-biased,95,qwen3:30b,
90,222,BBC,is-not-biased,90,qwen3:30b,
62,2049,BBC,is-not-biased,95,qwen3:30b,
244,285,FOX,is-not-biased,95,qwen3:30b,
115,1041,CNN,is-not-biased,95,qwen3:30b,
114,1986,CNN,is-not-biased,95,qwen3:30b,
116,286,CNN,is-not-biased,95,qwen3:30b,
150,727,CNN,is-not-biased,95,qwen3:30b,
62,2175,BBC,is-not-biased,95,qwen3:30b,
22,1042,BBC,is-not-biased,95,qwen3:30b,
72,223,BBC,is-not-biased,90,qwen3:30b,
50,2176,BBC,is-not-biased,95,qwen3:30b,
268,1987,FOX,is-not-biased,95,qwen3:30b,
192,2050,FOX,is-not-biased,90,qwen3:30b,
157,1043,CNN,is-not-biased,95,qwen3:30b,
181,287,FOX,is-not-biased,90,qwen3:30b,
80,728,BBC,is-not-biased,95,qwen3:30b,
111,2177,CNN,is-not-biased,95,qwen3:30b,
193,1988,FOX,is-not-biased,100,qwen3:30b,
167,225,CNN,is-not-biased,95,qwen3:30b,
256,224,FOX,is-biased,85,qwen3:30b,
54,2051,BBC,is-not-biased,95,qwen3:30b,
145,288,CNN,is-not-biased,90,qwen3:30b,
114,2052,CNN,is-not-biased,95,qwen3:30b,
180,1044,FOX,is-not-biased,95,qwen3:30b,
224,729,FOX,is-not-biased,95,qwen3:30b,
211,1989,FOX,is-not-biased,95,qwen3:30b,
193,2178,FOX,is-not-biased,95,qwen3:30b,
122,1045,CNN,is-not-biased,95,qwen3:30b,
123,226,CNN,is-not-biased,95,qwen3:30b,
267,289,FOX,is-not-biased,95,qwen3:30b,
112,2053,CNN,is-not-biased,95,qwen3:30b,
269,1990,FOX,is-not-biased,95,qwen3:30b,
97,227,BBC,is-not-biased,95,qwen3:30b,
27,290,BBC,is-not-biased,95,qwen3:30b,
88,731,BBC,is-not-biased,95,qwen3:30b,
114,1991,CNN,is-not-biased,95,qwen3:30b,
258,1046,FOX,is-not-biased,95,qwen3:30b,
111,228,CNN,is-not-biased,95,qwen3:30b,
173,730,FOX,is-not-biased,90,qwen3:30b,
78,732,BBC,is-not-biased,95,qwen3:30b,
143,1047,CNN,is-not-biased,95,qwen3:30b,
180,291,FOX,is-not-biased,95,qwen3:30b,
268,1992,FOX,is-not-biased,95,qwen3:30b,
211,2054,FOX,is-not-biased,95,qwen3:30b,
13,229,BBC,is-not-biased,95,qwen3:30b,
265,2055,FOX,is-not-biased,95,qwen3:30b,
62,1993,BBC,is-not-biased,95,qwen3:30b,
265,1048,FOX,is-not-biased,95,qwen3:30b,
139,292,CNN,is-not-biased,90,qwen3:30b,
173,733,FOX,is-not-biased,95,qwen3:30b,
57,230,BBC,is-not-biased,95,qwen3:30b,
151,1049,CNN,is-not-biased,95,qwen3:30b,
127,734,CNN,is-not-biased,95,qwen3:30b,
193,2056,FOX,is-not-biased,95,qwen3:30b,
269,293,FOX,is-not-biased,95,qwen3:30b,
111,2057,CNN,is-not-biased,95,qwen3:30b,
42,1994,BBC,is-not-biased,95,qwen3:30b,
149,735,CNN,is-not-biased,95,qwen3:30b,
115,231,CNN,is-not-biased,95,qwen3:30b,
184,294,FOX,is-not-biased,95,qwen3:30b,
116,2058,CNN,is-not-biased,95,qwen3:30b,
58,1995,BBC,is-not-biased,95,qwen3:30b,
165,232,CNN,is-not-biased,90,qwen3:30b,
86,736,BBC,is-not-biased,95,qwen3:30b,
100,295,BBC,is-not-biased,95,qwen3:30b,
153,1051,CNN,is-not-biased,95,qwen3:30b,
115,1996,CNN,is-not-biased,95,qwen3:30b,
204,1050,FOX,is-not-biased,95,qwen3:30b,
271,233,FOX,is-not-biased,95,qwen3:30b,
76,296,BBC,is-not-biased,95,qwen3:30b,
126,737,CNN,is-not-biased,95,qwen3:30b,
57,1997,BBC,is-not-biased,95,qwen3:30b,
277,1052,FOX,is-not-biased,95,qwen3:30b,
28,2060,BBC,is-not-biased,95,qwen3:30b,
245,2059,FOX,is-not-biased,90,qwen3:30b,
156,738,CNN,is-not-biased,95,qwen3:30b,
89,234,BBC,is-not-biased,90,qwen3:30b,
92,1053,BBC,is-not-biased,95,qwen3:30b,
81,235,BBC,is-not-biased,95,qwen3:30b,
215,2061,FOX,is-not-biased,90,qwen3:30b,
149,298,CNN,is-not-biased,95,qwen3:30b,
3,739,BBC,is-not-biased,95,qwen3:30b,
73,297,BBC,is-biased,85,qwen3:30b,
22,1054,BBC,is-not-biased,95,qwen3:30b,
278,1998,FOX,is-not-biased,95,qwen3:30b,
116,1999,CNN,is-not-biased,95,qwen3:30b,
114,2062,CNN,is-not-biased,95,qwen3:30b,
136,740,CNN,is-not-biased,95,qwen3:30b,
142,1055,CNN,is-not-biased,95,qwen3:30b,
235,299,FOX,is-biased,95,qwen3:30b,
111,2063,CNN,is-not-biased,95,qwen3:30b,
16,300,BBC,is-not-biased,95,qwen3:30b,
133,237,CNN,is-not-biased,95,qwen3:30b,
102,741,BBC,is-not-biased,95,qwen3:30b,
204,236,FOX,is-biased,90,qwen3:30b,
259,2000,FOX,is-not-biased,95,qwen3:30b,
208,1056,FOX,is-not-biased,95,qwen3:30b,
116,238,CNN,is-not-biased,95,qwen3:30b,
36,301,BBC,is-not-biased,95,qwen3:30b,
110,2001,CNN,is-not-biased,90,qwen3:30b,
113,742,CNN,is-not-biased,95,qwen3:30b,
265,2002,FOX,is-biased,85,qwen3:30b,
262,1057,FOX,is-not-biased,95,qwen3:30b,
259,2064,FOX,is-not-biased,90,qwen3:30b,
128,302,CNN,is-not-biased,95,qwen3:30b,
50,2065,BBC,is-not-biased,95,qwen3:30b,
242,239,FOX,is-not-biased,95,qwen3:30b,
106,743,BBC,is-not-biased,95,qwen3:30b,
50,2003,BBC,is-not-biased,95,qwen3:30b,
59,1058,BBC,is-not-biased,90,qwen3:30b,
50,240,BBC,is-not-biased,95,qwen3:30b,
82,744,BBC,is-not-biased,90,qwen3:30b,
263,303,FOX,is-not-biased,95,qwen3:30b,
193,2004,FOX,is-not-biased,100,qwen3:30b,
110,1059,CNN,is-not-biased,95,qwen3:30b,
55,2067,BBC,is-not-biased,95,qwen3:30b,
211,2066,FOX,is-not-biased,95,qwen3:30b,
156,304,CNN,is-not-biased,95,qwen3:30b,
155,241,CNN,is-not-biased,95,qwen3:30b,
215,2005,FOX,is-not-biased,95,qwen3:30b,
60,2068,BBC,is-not-biased,95,qwen3:30b,
210,1060,FOX,is-not-biased,90,qwen3:30b,
230,745,FOX,is-not-biased,95,qwen3:30b,
151,242,CNN,is-not-biased,95,qwen3:30b,
265,305,FOX,is-not-biased,95,qwen3:30b,
147,1061,CNN,is-not-biased,95,qwen3:30b,
276,2006,FOX,is-not-biased,95,qwen3:30b,
112,2069,CNN,is-not-biased,95,qwen3:30b,
265,746,FOX,is-not-biased,95,qwen3:30b,
160,243,CNN,is-not-biased,90,qwen3:30b,
172,747,CNN,is-not-biased,95,qwen3:30b,
227,306,FOX,is-not-biased,95,qwen3:30b,
41,2007,BBC,is-not-biased,95,qwen3:30b,
35,307,BBC,is-not-biased,95,qwen3:30b,
172,244,CNN,is-not-biased,95,qwen3:30b,
110,2070,CNN,is-not-biased,95,qwen3:30b,
237,1062,FOX,is-not-biased,90,qwen3:30b,
193,2008,FOX,is-not-biased,95,qwen3:30b,
287,748,FOX,is-not-biased,95,qwen3:30b,
152,1063,CNN,is-not-biased,95,qwen3:30b,
121,308,CNN,is-not-biased,95,qwen3:30b,
153,245,CNN,is-not-biased,95,qwen3:30b,
211,2071,FOX,is-not-biased,95,qwen3:30b,
113,2009,CNN,is-not-biased,95,qwen3:30b,
121,749,CNN,is-not-biased,95,qwen3:30b,
22,1064,BBC,is-not-biased,95,qwen3:30b,
114,2072,CNN,is-not-biased,95,qwen3:30b,
40,1065,BBC,is-not-biased,95,qwen3:30b,
22,309,BBC,is-not-biased,95,qwen3:30b,
240,246,FOX,is-not-biased,95,qwen3:30b,
161,750,CNN,is-not-biased,95,qwen3:30b,
193,2010,FOX,is-not-biased,95,qwen3:30b,
129,310,CNN,is-not-biased,95,qwen3:30b,
45,2073,BBC,is-not-biased,95,qwen3:30b,
285,751,FOX,is-not-biased,95,qwen3:30b,
243,247,FOX,is-not-biased,95,qwen3:30b,
60,1066,BBC,is-not-biased,95,qwen3:30b,
48,2011,BBC,is-not-biased,95,qwen3:30b,
116,2074,CNN,is-not-biased,95,qwen3:30b,
115,311,CNN,is-not-biased,95,qwen3:30b,
170,248,CNN,is-not-biased,95,qwen3:30b,
241,752,FOX,is-not-biased,95,qwen3:30b,
114,2075,CNN,is-not-biased,95,qwen3:30b,
229,1067,FOX,is-not-biased,90,qwen3:30b,
101,249,BBC,is-not-biased,95,qwen3:30b,
212,2012,FOX,is-not-biased,100,qwen3:30b,
119,312,CNN,is-not-biased,95,qwen3:30b,
230,1068,FOX,is-not-biased,95,qwen3:30b,
110,2013,CNN,is-not-biased,95,qwen3:30b,
287,753,FOX,is-not-biased,95,qwen3:30b,
193,2076,FOX,is-not-biased,95,qwen3:30b,
86,1069,BBC,is-not-biased,95,qwen3:30b,
112,313,CNN,is-not-biased,95,qwen3:30b,
215,2077,FOX,is-not-biased,95,qwen3:30b,
268,2014,FOX,is-not-biased,95,qwen3:30b,
248,754,FOX,is-not-biased,95,qwen3:30b,
186,250,FOX,is-not-biased,95,qwen3:30b,
162,755,CNN,is-not-biased,95,qwen3:30b,
154,314,CNN,is-not-biased,95,qwen3:30b,
210,1070,FOX,is-not-biased,90,qwen3:30b,
193,2078,FOX,is-not-biased,100,qwen3:30b,
265,2015,FOX,is-not-biased,95,qwen3:30b,
102,315,BBC,is-not-biased,95,qwen3:30b,
95,756,BBC,is-not-biased,95,qwen3:30b,
40,1071,BBC,is-not-biased,95,qwen3:30b,
248,251,FOX,is-biased,90,qwen3:30b,
253,252,FOX,is-biased,95,qwen3:30b,
19,316,BBC,is-not-biased,95,qwen3:30b,
246,253,FOX,is-not-biased,95,qwen3:30b,
259,2016,FOX,is-not-biased,95,qwen3:30b,
259,2079,FOX,is-biased,85,qwen3:30b,
159,757,CNN,is-not-biased,95,qwen3:30b,
175,1072,FOX,is-not-biased,95,qwen3:30b,
37,2080,BBC,is-not-biased,95,qwen3:30b,
210,317,FOX,is-not-biased,90,qwen3:30b,
212,2017,FOX,is-not-biased,95,qwen3:30b,
152,758,CNN,is-not-biased,90,qwen3:30b,
61,2018,BBC,is-not-biased,95,qwen3:30b,
181,254,FOX,is-not-biased,95,qwen3:30b,
289,1073,FOX,is-not-biased,95,qwen3:30b,
226,318,FOX,is-not-biased,95,qwen3:30b,
199,255,FOX,is-not-biased,95,qwen3:30b,
222,2081,FOX,is-not-biased,95,qwen3:30b,
148,1074,CNN,is-not-biased,95,qwen3:30b,
61,2082,BBC,is-not-biased,95,qwen3:30b,
199,759,FOX,is-not-biased,95,qwen3:30b,
50,2019,BBC,is-not-biased,95,qwen3:30b,
27,760,BBC,is-not-biased,95,qwen3:30b,
95,1075,BBC,is-not-biased,95,qwen3:30b,
238,2020,FOX,is-not-biased,100,qwen3:30b,
154,257,CNN,is-not-biased,95,qwen3:30b,
215,2083,FOX,is-not-biased,95,qwen3:30b,
261,319,FOX,is-biased,95,qwen3:30b,
102,320,BBC,is-not-biased,95,qwen3:30b,
147,1076,CNN,is-not-biased,95,qwen3:30b,
115,2084,CNN,is-not-biased,95,qwen3:30b,
50,2021,BBC,is-not-biased,95,qwen3:30b,
288,761,FOX,is-biased,90,qwen3:30b,
240,258,FOX,is-not-biased,95,qwen3:30b,
0,321,BBC,is-not-biased,95,qwen3:30b,
284,256,FOX,is-not-biased,95,qwen3:30b,
134,1077,CNN,is-not-biased,95,qwen3:30b,
52,2022,BBC,is-not-biased,95,qwen3:30b,
63,259,BBC,is-not-biased,95,qwen3:30b,
269,2085,FOX,is-not-biased,95,qwen3:30b,
187,762,FOX,is-not-biased,95,qwen3:30b,
252,763,FOX,is-not-biased,95,qwen3:30b,
201,1078,FOX,is-not-biased,95,qwen3:30b,
119,322,CNN,is-not-biased,90,qwen3:30b,
121,260,CNN,is-not-biased,95,qwen3:30b,
268,2023,FOX,is-not-biased,95,qwen3:30b,
278,2086,FOX,is-biased,95,qwen3:30b,
121,323,CNN,is-not-biased,95,qwen3:30b,
59,2024,BBC,is-not-biased,95,qwen3:30b,
116,1079,CNN,is-not-biased,95,qwen3:30b,
113,2087,CNN,is-not-biased,95,qwen3:30b,
274,764,FOX,is-not-biased,95,qwen3:30b,
42,324,BBC,is-not-biased,95,qwen3:30b,
72,261,BBC,is-not-biased,95,qwen3:30b,
159,765,CNN,is-not-biased,90,qwen3:30b,
114,2025,CNN,is-not-biased,95,qwen3:30b,
112,2088,CNN,is-not-biased,95,qwen3:30b,
90,1080,BBC,is-not-biased,95,qwen3:30b,
165,325,CNN,is-not-biased,95,qwen3:30b,
17,1081,BBC,is-not-biased,95,qwen3:30b,
61,2026,BBC,is-not-biased,95,qwen3:30b,
111,2089,CNN,is-not-biased,95,qwen3:30b,
123,766,CNN,is-not-biased,90,qwen3:30b,
279,262,FOX,is-not-biased,90,qwen3:30b,
142,515,CNN,is-not-biased,95,qwen3:30b,
50,1712,BBC,is-not-biased,95,qwen3:30b,
115,1901,CNN,is-not-biased,95,qwen3:30b,
62,2090,BBC,is-not-biased,95,qwen3:30b,
112,1902,CNN,is-not-biased,90,qwen3:30b,
177,516,FOX,is-not-biased,95,qwen3:30b,
195,2091,FOX,is-not-biased,95,qwen3:30b,
62,517,BBC,is-not-biased,95,qwen3:30b,
205,1713,FOX,is-not-biased,95,qwen3:30b,
59,2092,BBC,is-not-biased,95,qwen3:30b,
268,1903,FOX,is-not-biased,95,qwen3:30b,
25,518,BBC,is-not-biased,95,qwen3:30b,
114,1904,CNN,is-not-biased,95,qwen3:30b,
19,2093,BBC,is-not-biased,95,qwen3:30b,
205,1714,FOX,is-biased,95,qwen3:30b,
136,519,CNN,is-not-biased,95,qwen3:30b,
111,1905,CNN,is-not-biased,95,qwen3:30b,
193,1716,FOX,is-not-biased,100,qwen3:30b,
168,520,CNN,is-not-biased,95,qwen3:30b,
19,2094,BBC,is-not-biased,95,qwen3:30b,
265,1715,FOX,is-not-biased,90,qwen3:30b,
205,1906,FOX,is-not-biased,90,qwen3:30b,
195,2095,FOX,is-not-biased,95,qwen3:30b,
181,521,FOX,is-not-biased,95,qwen3:30b,
112,1907,CNN,is-not-biased,95,qwen3:30b,
110,1718,CNN,is-not-biased,95,qwen3:30b,
115,1719,CNN,is-not-biased,95,qwen3:30b,
8,522,BBC,is-not-biased,95,qwen3:30b,
259,1717,FOX,is-not-biased,85,qwen3:30b,
50,1908,BBC,is-not-biased,95,qwen3:30b,
114,2097,CNN,is-not-biased,95,qwen3:30b,
153,523,CNN,is-not-biased,95,qwen3:30b,
207,2096,FOX,is-not-biased,90,qwen3:30b,
112,1909,CNN,is-not-biased,95,qwen3:30b,
143,524,CNN,is-biased,85,qwen3:30b,
58,1720,BBC,is-not-biased,95,qwen3:30b,
116,1910,CNN,is-not-biased,95,qwen3:30b,
157,525,CNN,is-not-biased,95,qwen3:30b,
245,2098,FOX,is-not-biased,95,qwen3:30b,
192,2099,FOX,is-not-biased,95,qwen3:30b,
2,1911,BBC,is-not-biased,95,qwen3:30b,
269,1722,FOX,is-not-biased,95,qwen3:30b,
45,2100,BBC,is-not-biased,95,qwen3:30b,
112,526,CNN,is-not-biased,95,qwen3:30b,
114,1723,CNN,is-not-biased,95,qwen3:30b,
58,1912,BBC,is-not-biased,90,qwen3:30b,
50,2101,BBC,is-not-biased,95,qwen3:30b,
87,527,BBC,is-not-biased,95,qwen3:30b,
278,1721,FOX,is-not-biased,95,qwen3:30b,
86,528,BBC,is-not-biased,95,qwen3:30b,
215,1724,FOX,is-not-biased,95,qwen3:30b,
193,1913,FOX,is-not-biased,95,qwen3:30b,
59,2102,BBC,is-not-biased,90,qwen3:30b,
114,2103,CNN,is-not-biased,95,qwen3:30b,
222,1914,FOX,is-not-biased,95,qwen3:30b,
205,1725,FOX,is-not-biased,90,qwen3:30b,
50,1726,BBC,is-not-biased,95,qwen3:30b,
112,2104,CNN,is-not-biased,95,qwen3:30b,
181,529,FOX,is-not-biased,95,qwen3:30b,
115,530,CNN,is-not-biased,95,qwen3:30b,
193,1915,FOX,is-not-biased,95,qwen3:30b,
45,1727,BBC,is-not-biased,95,qwen3:30b,
53,1728,BBC,is-not-biased,95,qwen3:30b,
59,1916,BBC,is-not-biased,90,qwen3:30b,
50,2105,BBC,is-not-biased,95,qwen3:30b,
111,1917,CNN,is-not-biased,95,qwen3:30b,
127,532,CNN,is-not-biased,95,qwen3:30b,
179,531,FOX,is-not-biased,90,qwen3:30b,
50,2106,BBC,is-not-biased,90,qwen3:30b,
193,1918,FOX,is-not-biased,95,qwen3:30b,
28,2107,BBC,is-not-biased,95,qwen3:30b,
112,1919,CNN,is-not-biased,95,qwen3:30b,
265,533,FOX,is-not-biased,95,qwen3:30b,
215,1730,FOX,is-not-biased,95,qwen3:30b,
278,1729,FOX,is-biased,95,qwen3:30b,
57,1731,BBC,is-not-biased,95,qwen3:30b,
262,534,FOX,is-not-biased,95,qwen3:30b,
57,1920,BBC,is-not-biased,95,qwen3:30b,
192,2108,FOX,is-not-biased,90,qwen3:30b,
114,2109,CNN,is-not-biased,95,qwen3:30b,
149,535,CNN,is-not-biased,95,qwen3:30b,
114,1732,CNN,is-not-biased,95,qwen3:30b,
268,1921,FOX,is-not-biased,95,qwen3:30b,
58,2110,BBC,is-not-biased,95,qwen3:30b,
84,536,BBC,is-not-biased,95,qwen3:30b,
265,1922,FOX,is-not-biased,95,qwen3:30b,
47,2111,BBC,is-not-biased,95,qwen3:30b,
114,1734,CNN,is-not-biased,95,qwen3:30b,
168,537,CNN,is-not-biased,90,qwen3:30b,
195,1923,FOX,is-not-biased,95,qwen3:30b,
278,1733,FOX,is-biased,95,qwen3:30b,
110,2112,CNN,is-not-biased,90,qwen3:30b,
192,2113,FOX,is-not-biased,95,qwen3:30b,
193,1735,FOX,is-not-biased,95,qwen3:30b,
58,1924,BBC,is-not-biased,90,qwen3:30b,
148,539,CNN,is-not-biased,95,qwen3:30b,
256,538,FOX,is-not-biased,95,qwen3:30b,
114,2114,CNN,is-not-biased,95,qwen3:30b,
115,1925,CNN,is-not-biased,95,qwen3:30b,
265,1736,FOX,is-not-biased,90,qwen3:30b,
111,1926,CNN,is-not-biased,95,qwen3:30b,
215,1737,FOX,is-not-biased,95,qwen3:30b,
112,2115,CNN,is-not-biased,95,qwen3:30b,
7,540,BBC,is-not-biased,95,qwen3:30b,
116,1927,CNN,is-not-biased,95,qwen3:30b,
193,1738,FOX,is-not-biased,95,qwen3:30b,
142,542,CNN,is-not-biased,95,qwen3:30b,
193,2116,FOX,is-not-biased,95,qwen3:30b,
182,541,FOX,is-biased,95,qwen3:30b,
193,1928,FOX,is-not-biased,100,qwen3:30b,
116,1739,CNN,is-not-biased,95,qwen3:30b,
114,2117,CNN,is-not-biased,95,qwen3:30b,
111,543,CNN,is-not-biased,95,qwen3:30b,
19,1740,BBC,is-not-biased,95,qwen3:30b,
62,1929,BBC,is-not-biased,95,qwen3:30b,
114,2118,CNN,is-not-biased,95,qwen3:30b,
13,1741,BBC,is-not-biased,95,qwen3:30b,
123,544,CNN,is-not-biased,95,qwen3:30b,
19,1930,BBC,is-not-biased,95,qwen3:30b,
193,545,FOX,is-not-biased,95,qwen3:30b,
230,1,FOX,is-not-biased,95,qwen3:30b,
110,2119,CNN,is-not-biased,95,qwen3:30b,
205,1742,FOX,is-not-biased,90,qwen3:30b,
27,1931,BBC,is-not-biased,95,qwen3:30b,
116,1743,CNN,is-not-biased,95,qwen3:30b,
268,546,FOX,is-not-biased,95,qwen3:30b,
222,2120,FOX,is-not-biased,95,qwen3:30b,
157,0,CNN,is-not-biased,95,qwen3:30b,
193,2121,FOX,is-not-biased,95,qwen3:30b,
215,1932,FOX,is-not-biased,90,qwen3:30b,
116,547,CNN,is-not-biased,95,qwen3:30b,
51,2122,BBC,is-not-biased,90,qwen3:30b,
110,1744,CNN,is-not-biased,95,qwen3:30b,
284,2,FOX,is-not-biased,95,qwen3:30b,
110,1933,CNN,is-not-biased,90,qwen3:30b,
193,1745,FOX,is-not-biased,95,qwen3:30b,
268,1934,FOX,is-not-biased,95,qwen3:30b,
36,549,BBC,is-not-biased,95,qwen3:30b,
115,2123,CNN,is-not-biased,95,qwen3:30b,
272,548,FOX,is-not-biased,95,qwen3:30b,
110,2124,CNN,is-not-biased,95,qwen3:30b,
269,1746,FOX,is-not-biased,95,qwen3:30b,
98,3,BBC,is-not-biased,95,qwen3:30b,
110,1935,CNN,is-not-biased,95,qwen3:30b,
105,550,BBC,is-not-biased,95,qwen3:30b,
195,1936,FOX,is-not-biased,95,qwen3:30b,
193,2125,FOX,is-not-biased,95,qwen3:30b,
207,1747,FOX,is-not-biased,95,qwen3:30b,
6,551,BBC,is-not-biased,95,qwen3:30b,
16,1937,BBC,is-not-biased,95,qwen3:30b,
114,2126,CNN,is-not-biased,95,qwen3:30b,
255,4,FOX,is-not-biased,95,qwen3:30b,
54,1748,BBC,is-not-biased,95,qwen3:30b,
115,1749,CNN,is-not-biased,95,qwen3:30b,
62,1938,BBC,is-not-biased,95,qwen3:30b,
262,5,FOX,is-not-biased,95,qwen3:30b,
246,552,FOX,is-not-biased,95,qwen3:30b,
94,553,BBC,is-not-biased,90,qwen3:30b,
50,2127,BBC,is-not-biased,95,qwen3:30b,
28,1939,BBC,is-not-biased,90,qwen3:30b,
58,1750,BBC,is-not-biased,95,qwen3:30b,
59,2128,BBC,is-not-biased,90,qwen3:30b,
120,554,CNN,is-not-biased,95,qwen3:30b,
136,7,CNN,is-not-biased,95,qwen3:30b,
112,2129,CNN,is-not-biased,95,qwen3:30b,
113,1940,CNN,is-not-biased,95,qwen3:30b,
52,1751,BBC,is-not-biased,95,qwen3:30b,
180,6,FOX,is-biased,95,qwen3:30b,
193,555,FOX,is-not-biased,95,qwen3:30b,
114,1752,CNN,is-not-biased,95,qwen3:30b,
171,8,CNN,is-not-biased,95,qwen3:30b,
25,556,BBC,is-not-biased,95,qwen3:30b,
211,1941,FOX,is-not-biased,95,qwen3:30b,
192,2130,FOX,is-not-biased,95,qwen3:30b,
279,9,FOX,is-not-biased,90,qwen3:30b,
112,1942,CNN,is-not-biased,95,qwen3:30b,
16,1753,BBC,is-not-biased,95,qwen3:30b,
274,557,FOX,is-not-biased,95,qwen3:30b,
52,1754,BBC,is-not-biased,95,qwen3:30b,
227,10,FOX,is-not-biased,95,qwen3:30b,
57,11,BBC,is-not-biased,95,qwen3:30b,
278,2131,FOX,is-not-biased,90,qwen3:30b,
193,2132,FOX,is-not-biased,95,qwen3:30b,
100,558,BBC,is-not-biased,90,qwen3:30b,
115,1944,CNN,is-not-biased,95,qwen3:30b,
211,1755,FOX,is-not-biased,95,qwen3:30b,
112,2133,CNN,is-not-biased,95,qwen3:30b,
278,1943,FOX,is-biased,95,qwen3:30b,
131,559,CNN,is-not-biased,95,qwen3:30b,
210,12,FOX,is-not-biased,95,qwen3:30b,
111,1945,CNN,is-not-biased,95,qwen3:30b,
52,1756,BBC,is-not-biased,95,qwen3:30b,
196,560,FOX,is-biased,95,qwen3:30b,
98,13,BBC,is-not-biased,95,qwen3:30b,
61,1757,BBC,is-not-biased,95,qwen3:30b,
54,2135,BBC,is-not-biased,95,qwen3:30b,
215,1946,FOX,is-not-biased,90,qwen3:30b,
155,561,CNN,is-not-biased,95,qwen3:30b,
19,1758,BBC,is-not-biased,95,qwen3:30b,
54,2134,BBC,is-biased,95,qwen3:30b,
271,14,FOX,is-not-biased,95,qwen3:30b,
50,1947,BBC,is-not-biased,95,qwen3:30b,
112,15,CNN,is-not-biased,95,qwen3:30b,
103,562,BBC,is-not-biased,95,qwen3:30b,
115,1948,CNN,is-not-biased,95,qwen3:30b,
276,2136,FOX,is-not-biased,90,qwen3:30b,
114,2137,CNN,is-not-biased,95,qwen3:30b,
112,16,CNN,is-not-biased,95,qwen3:30b,
58,1759,BBC,is-not-biased,95,qwen3:30b,
42,1760,BBC,is-not-biased,95,qwen3:30b,
238,1949,FOX,is-not-biased,95,qwen3:30b,
50,2138,BBC,is-not-biased,95,qwen3:30b,
71,564,BBC,is-not-biased,95,qwen3:30b,
71,17,BBC,is-not-biased,90,qwen3:30b,
26,1761,BBC,is-not-biased,95,qwen3:30b,
253,563,FOX,is-biased,98,qwen3:30b,
58,1950,BBC,is-not-biased,95,qwen3:30b,
193,2139,FOX,is-not-biased,95,qwen3:30b,
152,18,CNN,is-not-biased,95,qwen3:30b,
54,1951,BBC,is-not-biased,95,qwen3:30b,
169,565,CNN,is-not-biased,90,qwen3:30b,
238,1762,FOX,is-not-biased,95,qwen3:30b,
268,2140,FOX,is-not-biased,95,qwen3:30b,
145,19,CNN,is-not-biased,95,qwen3:30b,
192,1763,FOX,is-not-biased,95,qwen3:30b,
111,2141,CNN,is-not-biased,95,qwen3:30b,
102,566,BBC,is-not-biased,90,qwen3:30b,
193,1952,FOX,is-not-biased,95,qwen3:30b,
163,26,CNN,is-not-biased,95,qwen3:30b,
51,1764,BBC,is-not-biased,95,qwen3:30b,
101,567,BBC,is-not-biased,95,qwen3:30b,
193,2142,FOX,is-not-biased,95,qwen3:30b,
20,20,BBC,is-not-biased,95,qwen3:30b,
116,1765,CNN,is-not-biased,95,qwen3:30b,
192,1953,FOX,is-not-biased,95,qwen3:30b,
113,1954,CNN,is-not-biased,95,qwen3:30b,
169,568,CNN,is-not-biased,90,qwen3:30b,
51,2143,BBC,is-not-biased,90,qwen3:30b,
126,569,CNN,is-not-biased,95,qwen3:30b,
55,1766,BBC,is-not-biased,95,qwen3:30b,
123,21,CNN,is-not-biased,95,qwen3:30b,
19,1955,BBC,is-not-biased,95,qwen3:30b,
154,570,CNN,is-not-biased,95,qwen3:30b,
211,2144,FOX,is-not-biased,95,qwen3:30b,
123,22,CNN,is-not-biased,90,qwen3:30b,
112,1956,CNN,is-not-biased,95,qwen3:30b,
192,1767,FOX,is-not-biased,95,qwen3:30b,
144,23,CNN,is-not-biased,95,qwen3:30b,
113,1768,CNN,is-not-biased,95,qwen3:30b,
28,2145,BBC,is-not-biased,95,qwen3:30b,
36,571,BBC,is-not-biased,95,qwen3:30b,
51,1957,BBC,is-not-biased,95,qwen3:30b,
121,572,CNN,is-not-biased,95,qwen3:30b,
115,2146,CNN,is-not-biased,95,qwen3:30b,
116,1769,CNN,is-not-biased,95,qwen3:30b,
115,29,CNN,is-not-biased,95,qwen3:30b,
28,2147,BBC,is-not-biased,95,qwen3:30b,
169,24,CNN,is-not-biased,95,qwen3:30b,
142,573,CNN,is-not-biased,90,qwen3:30b,
276,1958,FOX,is-not-biased,95,qwen3:30b,
45,1959,BBC,is-not-biased,95,qwen3:30b,
114,2148,CNN,is-not-biased,100,qwen3:30b,
160,574,CNN,is-not-biased,95,qwen3:30b,
276,1770,FOX,is-not-biased,95,qwen3:30b,
115,1771,CNN,is-not-biased,95,qwen3:30b,
110,1960,CNN,is-not-biased,95,qwen3:30b,
157,575,CNN,is-not-biased,95,qwen3:30b,
192,2149,FOX,is-not-biased,95,qwen3:30b,
87,25,BBC,is-not-biased,95,qwen3:30b,
113,1961,CNN,is-not-biased,95,qwen3:30b,
113,2150,CNN,is-not-biased,95,qwen3:30b,
175,33,FOX,is-biased,90,qwen3:30b,
132,27,CNN,is-not-biased,95,qwen3:30b,
113,1773,CNN,is-not-biased,95,qwen3:30b,
104,576,BBC,is-not-biased,90,qwen3:30b,
114,2151,CNN,is-not-biased,95,qwen3:30b,
211,1962,FOX,is-not-biased,95,qwen3:30b,
276,1772,FOX,is-not-biased,90,qwen3:30b,
203,28,FOX,is-not-biased,95,qwen3:30b,
59,1963,BBC,is-not-biased,95,qwen3:30b,
110,1774,CNN,is-not-biased,90,qwen3:30b,
157,1082,CNN,is-not-biased,95,qwen3:30b,
272,577,FOX,is-not-biased,90,qwen3:30b,
130,1461,CNN,is-not-biased,95,qwen3:30b,
141,1083,CNN,is-not-biased,95,qwen3:30b,
205,2152,FOX,is-not-biased,95,qwen3:30b,
87,1460,BBC,is-not-biased,95,qwen3:30b,
25,1463,BBC,is-not-biased,95,qwen3:30b,
181,1462,FOX,is-not-biased,95,qwen3:30b,
20,1464,BBC,is-not-biased,100,qwen3:30b,
223,1085,FOX,is-not-biased,90,qwen3:30b,
82,1086,BBC,is-not-biased,90,qwen3:30b,
231,1084,FOX,is-not-biased,95,qwen3:30b,
106,1087,BBC,is-not-biased,95,qwen3:30b,
98,1466,BBC,is-not-biased,95,qwen3:30b,
263,1088,FOX,is-not-biased,95,qwen3:30b,
179,1465,FOX,is-not-biased,90,qwen3:30b,
233,1467,FOX,is-not-biased,95,qwen3:30b,
140,1091,CNN,is-not-biased,95,qwen3:30b,
234,1090,FOX,is-not-biased,95,qwen3:30b,
252,1092,FOX,is-not-biased,95,qwen3:30b,
185,1468,FOX,is-not-biased,90,qwen3:30b,
173,1089,FOX,is-biased,90,qwen3:30b,
33,1470,BBC,is-not-biased,95,qwen3:30b,
245,1469,FOX,is-not-biased,95,qwen3:30b,
28,1093,BBC,is-not-biased,95,qwen3:30b,
130,1471,CNN,is-not-biased,100,qwen3:30b,
25,1094,BBC,is-not-biased,95,qwen3:30b,
86,1095,BBC,is-not-biased,95,qwen3:30b,
193,1472,FOX,is-not-biased,95,qwen3:30b,
161,1096,CNN,is-not-biased,95,qwen3:30b,
191,1473,FOX,is-not-biased,95,qwen3:30b,
151,1475,CNN,is-not-biased,95,qwen3:30b,
235,1474,FOX,is-biased,95,qwen3:30b,
262,1098,FOX,is-not-biased,95,qwen3:30b,
248,1476,FOX,is-not-biased,95,qwen3:30b,
205,1097,FOX,is-not-biased,95,qwen3:30b,
1,1099,BBC,is-not-biased,95,qwen3:30b,
171,1100,CNN,is-not-biased,95,qwen3:30b,
90,1477,BBC,is-not-biased,90,qwen3:30b,
163,1479,CNN,is-not-biased,95,qwen3:30b,
241,1478,FOX,is-not-biased,90,qwen3:30b,
136,1480,CNN,is-not-biased,95,qwen3:30b,
168,1101,CNN,is-not-biased,90,qwen3:30b,
29,1102,BBC,is-not-biased,95,qwen3:30b,
81,1482,BBC,is-not-biased,95,qwen3:30b,
136,1481,CNN,is-not-biased,95,qwen3:30b,
59,1104,BBC,is-not-biased,90,qwen3:30b,
10,1483,BBC,is-not-biased,100,qwen3:30b,
81,1105,BBC,is-not-biased,95,qwen3:30b,
34,1484,BBC,is-not-biased,95,qwen3:30b,
133,1485,CNN,is-not-biased,95,qwen3:30b,
255,1106,FOX,is-not-biased,100,qwen3:30b,
98,1107,BBC,is-not-biased,95,qwen3:30b,
162,1109,CNN,is-not-biased,95,qwen3:30b,
21,1486,BBC,is-not-biased,95,qwen3:30b,
283,1103,FOX,is-biased,90,qwen3:30b,
137,1488,CNN,is-not-biased,95,qwen3:30b,
42,1111,BBC,is-not-biased,95,qwen3:30b,
233,1110,FOX,is-not-biased,90,qwen3:30b,
175,1108,FOX,is-biased,85,qwen3:30b,
267,1487,FOX,is-not-biased,95,qwen3:30b,
118,1112,CNN,is-not-biased,100,qwen3:30b,
136,1489,CNN,is-not-biased,95,qwen3:30b,
74,1491,BBC,is-not-biased,95,qwen3:30b,
80,1490,BBC,is-not-biased,95,qwen3:30b,
97,1114,BBC,is-not-biased,100,qwen3:30b,
131,1492,CNN,is-not-biased,95,qwen3:30b,
251,1113,FOX,is-not-biased,95,qwen3:30b,
75,1115,BBC,is-not-biased,95,qwen3:30b,
74,1493,BBC,is-not-biased,95,qwen3:30b,
145,1116,CNN,is-not-biased,90,qwen3:30b,
193,1117,FOX,is-not-biased,95,qwen3:30b,
133,1494,CNN,is-not-biased,90,qwen3:30b,
121,1118,CNN,is-not-biased,95,qwen3:30b,
98,1119,BBC,is-not-biased,95,qwen3:30b,
130,1496,CNN,is-not-biased,95,qwen3:30b,
29,1495,BBC,is-not-biased,95,qwen3:30b,
132,1497,CNN,is-not-biased,95,qwen3:30b,
131,1498,CNN,is-not-biased,95,qwen3:30b,
263,1120,FOX,is-not-biased,95,qwen3:30b,
7,1122,BBC,is-not-biased,95,qwen3:30b,
263,1121,FOX,is-not-biased,95,qwen3:30b,
94,1123,BBC,is-not-biased,95,qwen3:30b,
258,1500,FOX,is-not-biased,95,qwen3:30b,
14,1501,BBC,is-not-biased,95,qwen3:30b,
179,1499,FOX,is-not-biased,90,qwen3:30b,
10,1503,BBC,is-not-biased,95,qwen3:30b,
22,1125,BBC,is-not-biased,95,qwen3:30b,
80,1502,BBC,is-not-biased,95,qwen3:30b,
7,1126,BBC,is-not-biased,90,qwen3:30b,
102,1124,BBC,is-not-biased,95,qwen3:30b,
92,1127,BBC,is-not-biased,95,qwen3:30b,
70,1128,BBC,is-not-biased,95,qwen3:30b,
75,1506,BBC,is-not-biased,95,qwen3:30b,
29,1504,BBC,is-not-biased,90,qwen3:30b,
242,1505,FOX,is-not-biased,95,qwen3:30b,
208,1507,FOX,is-not-biased,100,qwen3:30b,
183,1129,FOX,is-not-biased,95,qwen3:30b,
43,1508,BBC,is-not-biased,90,qwen3:30b,
129,1509,CNN,is-not-biased,95,qwen3:30b,
123,1131,CNN,is-not-biased,95,qwen3:30b,
132,1510,CNN,is-not-biased,92,qwen3:30b,
224,1130,FOX,is-not-biased,90,qwen3:30b,
251,1132,FOX,is-not-biased,95,qwen3:30b,
86,1133,BBC,is-not-biased,95,qwen3:30b,
130,1512,CNN,is-not-biased,95,qwen3:30b,
258,1511,FOX,is-not-biased,95,qwen3:30b,
260,1135,FOX,is-not-biased,95,qwen3:30b,
175,1134,FOX,is-not-biased,95,qwen3:30b,
224,1136,FOX,is-not-biased,95,qwen3:30b,
182,1513,FOX,is-biased,95,qwen3:30b,
74,1514,BBC,is-not-biased,90,qwen3:30b,
132,1515,CNN,is-not-biased,90,qwen3:30b,
110,1137,CNN,is-not-biased,90,qwen3:30b,
133,1516,CNN,is-not-biased,95,qwen3:30b,
113,1139,CNN,is-not-biased,95,qwen3:30b,
191,1138,FOX,is-not-biased,95,qwen3:30b,
157,1140,CNN,is-not-biased,95,qwen3:30b,
236,1517,FOX,is-not-biased,95,qwen3:30b,
136,1519,CNN,is-not-biased,95,qwen3:30b,
154,1142,CNN,is-not-biased,95,qwen3:30b,
58,1141,BBC,is-not-biased,95,qwen3:30b,
208,1518,FOX,is-not-biased,95,qwen3:30b,
14,1520,BBC,is-not-biased,95,qwen3:30b,
136,1521,CNN,is-not-biased,95,qwen3:30b,
129,1522,CNN,is-not-biased,95,qwen3:30b,
258,1143,FOX,is-not-biased,95,qwen3:30b,
187,1144,FOX,is-not-biased,95,qwen3:30b,
167,452,CNN,is-not-biased,90,qwen3:30b,
178,137,FOX,is-not-biased,95,qwen3:30b,
150,767,CNN,is-not-biased,95,qwen3:30b,
145,1271,CNN,is-not-biased,90,qwen3:30b,
116,1838,CNN,is-not-biased,95,qwen3:30b,
197,128,FOX,is-not-biased,95,qwen3:30b,
277,124,FOX,is-not-biased,95,qwen3:30b,
56,453,BBC,is-not-biased,90,qwen3:30b,
157,1272,CNN,is-not-biased,95,qwen3:30b,
248,768,FOX,is-not-biased,90,qwen3:30b,
142,133,CNN,is-not-biased,90,qwen3:30b,
115,1839,CNN,is-not-biased,95,qwen3:30b,
181,138,FOX,is-not-biased,95,qwen3:30b,
113,769,CNN,is-not-biased,95,qwen3:30b,
162,1273,CNN,is-not-biased,95,qwen3:30b,
263,139,FOX,is-not-biased,95,qwen3:30b,
128,108,CNN,is-not-biased,95,qwen3:30b,
277,455,FOX,is-not-biased,95,qwen3:30b,
110,1840,CNN,is-not-biased,95,qwen3:30b,
121,140,CNN,is-not-biased,90,qwen3:30b,
54,454,BBC,is-biased,90,qwen3:30b,
165,1274,CNN,is-not-biased,90,qwen3:30b,
142,770,CNN,is-not-biased,90,qwen3:30b,
115,1841,CNN,is-not-biased,95,qwen3:30b,
69,131,BBC,is-not-biased,95,qwen3:30b,
78,456,BBC,is-not-biased,90,qwen3:30b,
157,771,CNN,is-not-biased,95,qwen3:30b,
136,1275,CNN,is-not-biased,95,qwen3:30b,
129,141,CNN,is-not-biased,95,qwen3:30b,
163,119,CNN,is-not-biased,95,qwen3:30b,
39,457,BBC,is-not-biased,100,qwen3:30b,
265,1842,FOX,is-not-biased,95,qwen3:30b,
123,142,CNN,is-not-biased,95,qwen3:30b,
119,1276,CNN,is-not-biased,95,qwen3:30b,
112,1843,CNN,is-not-biased,95,qwen3:30b,
29,772,BBC,is-not-biased,95,qwen3:30b,
86,143,BBC,is-not-biased,95,qwen3:30b,
74,458,BBC,is-not-biased,95,qwen3:30b,
7,773,BBC,is-not-biased,95,qwen3:30b,
115,1844,CNN,is-not-biased,95,qwen3:30b,
76,93,BBC,is-not-biased,95,qwen3:30b,
230,1277,FOX,is-not-biased,95,qwen3:30b,
184,144,FOX,is-not-biased,95,qwen3:30b,
223,459,FOX,is-not-biased,95,qwen3:30b,
112,1278,CNN,is-not-biased,95,qwen3:30b,
170,774,CNN,is-not-biased,90,qwen3:30b,
7,110,BBC,is-not-biased,95,qwen3:30b,
99,460,BBC,is-not-biased,95,qwen3:30b,
59,1845,BBC,is-not-biased,95,qwen3:30b,
21,775,BBC,is-not-biased,95,qwen3:30b,
105,1279,BBC,is-not-biased,95,qwen3:30b,
110,1846,CNN,is-not-biased,90,qwen3:30b,
160,111,CNN,is-not-biased,90,qwen3:30b,
162,461,CNN,is-not-biased,95,qwen3:30b,
185,145,FOX,is-not-biased,95,qwen3:30b,
160,146,CNN,is-not-biased,90,qwen3:30b,
11,1280,BBC,is-not-biased,95,qwen3:30b,
90,776,BBC,is-not-biased,95,qwen3:30b,
201,89,FOX,is-not-biased,95,qwen3:30b,
265,1847,FOX,is-not-biased,95,qwen3:30b,
156,777,CNN,is-not-biased,95,qwen3:30b,
234,462,FOX,is-not-biased,95,qwen3:30b,
237,147,FOX,is-not-biased,95,qwen3:30b,
270,1281,FOX,is-not-biased,95,qwen3:30b,
141,148,CNN,is-not-biased,95,qwen3:30b,
192,1848,FOX,is-not-biased,90,qwen3:30b,
177,97,FOX,is-not-biased,95,qwen3:30b,
65,1282,BBC,is-not-biased,95,qwen3:30b,
76,463,BBC,is-not-biased,95,qwen3:30b,
92,112,BBC,is-not-biased,95,qwen3:30b,
193,1849,FOX,is-not-biased,95,qwen3:30b,
76,778,BBC,is-not-biased,90,qwen3:30b,
141,149,CNN,is-not-biased,95,qwen3:30b,
144,464,CNN,is-not-biased,95,qwen3:30b,
66,779,BBC,is-not-biased,95,qwen3:30b,
59,1850,BBC,is-not-biased,90,qwen3:30b,
161,150,CNN,is-not-biased,95,qwen3:30b,
89,87,BBC,is-not-biased,95,qwen3:30b,
95,1283,BBC,is-not-biased,95,qwen3:30b,
115,1851,CNN,is-not-biased,95,qwen3:30b,
194,780,FOX,is-not-biased,95,qwen3:30b,
274,1284,FOX,is-not-biased,90,qwen3:30b,
24,466,BBC,is-not-biased,95,qwen3:30b,
165,151,CNN,is-not-biased,95,qwen3:30b,
208,94,FOX,is-not-biased,90,qwen3:30b,
94,1285,BBC,is-not-biased,95,qwen3:30b,
119,781,CNN,is-not-biased,90,qwen3:30b,
183,465,FOX,is-not-biased,90,qwen3:30b,
222,1852,FOX,is-not-biased,95,qwen3:30b,
81,467,BBC,is-not-biased,95,qwen3:30b,
225,81,FOX,is-not-biased,95,qwen3:30b,
80,782,BBC,is-not-biased,95,qwen3:30b,
116,1853,CNN,is-not-biased,95,qwen3:30b,
129,1286,CNN,is-not-biased,95,qwen3:30b,
121,153,CNN,is-not-biased,95,qwen3:30b,
97,468,BBC,is-not-biased,95,qwen3:30b,
157,783,CNN,is-not-biased,95,qwen3:30b,
95,120,BBC,is-not-biased,95,qwen3:30b,
179,152,FOX,is-not-biased,95,qwen3:30b,
93,1287,BBC,is-not-biased,90,qwen3:30b,
104,90,BBC,is-not-biased,95,qwen3:30b,
66,154,BBC,is-not-biased,95,qwen3:30b,
279,469,FOX,is-not-biased,95,qwen3:30b,
54,1854,BBC,is-not-biased,95,qwen3:30b,
230,784,FOX,is-not-biased,95,qwen3:30b,
129,1288,CNN,is-not-biased,95,qwen3:30b,
60,1855,BBC,is-not-biased,95,qwen3:30b,
7,123,BBC,is-not-biased,95,qwen3:30b,
105,785,BBC,is-not-biased,95,qwen3:30b,
102,470,BBC,is-not-biased,95,qwen3:30b,
223,155,FOX,is-not-biased,95,qwen3:30b,
99,96,BBC,is-not-biased,95,qwen3:30b,
58,1289,BBC,is-not-biased,95,qwen3:30b,
180,156,FOX,is-not-biased,95,qwen3:30b,
172,786,CNN,is-not-biased,95,qwen3:30b,
165,471,CNN,is-not-biased,90,qwen3:30b,
195,1856,FOX,is-not-biased,95,qwen3:30b,
157,102,CNN,is-not-biased,95,qwen3:30b,
125,1290,CNN,is-not-biased,95,qwen3:30b,
111,1857,CNN,is-not-biased,95,qwen3:30b,
134,787,CNN,is-not-biased,95,qwen3:30b,
211,157,FOX,is-not-biased,95,qwen3:30b,
222,472,FOX,is-not-biased,95,qwen3:30b,
123,103,CNN,is-not-biased,95,qwen3:30b,
159,1291,CNN,is-not-biased,95,qwen3:30b,
67,473,BBC,is-not-biased,95,qwen3:30b,
168,788,CNN,is-not-biased,95,qwen3:30b,
221,1292,FOX,is-not-biased,95,qwen3:30b,
116,1859,CNN,is-not-biased,95,qwen3:30b,
278,1858,FOX,is-not-biased,90,qwen3:30b,
2,104,BBC,is-not-biased,95,qwen3:30b,
229,159,FOX,is-not-biased,90,qwen3:30b,
118,789,CNN,is-not-biased,95,qwen3:30b,
232,474,FOX,is-not-biased,90,qwen3:30b,
103,1293,BBC,is-not-biased,95,qwen3:30b,
21,160,BBC,is-not-biased,95,qwen3:30b,
245,158,FOX,is-not-biased,95,qwen3:30b,
190,91,FOX,is-not-biased,95,qwen3:30b,
156,475,CNN,is-not-biased,95,qwen3:30b,
207,1860,FOX,is-not-biased,90,qwen3:30b,
19,1294,BBC,is-not-biased,95,qwen3:30b,
114,1861,CNN,is-not-biased,95,qwen3:30b,
182,790,FOX,is-not-biased,90,qwen3:30b,
177,476,FOX,is-not-biased,95,qwen3:30b,
63,791,BBC,is-not-biased,95,qwen3:30b,
160,1295,CNN,is-not-biased,95,qwen3:30b,
136,100,CNN,is-not-biased,95,qwen3:30b,
204,92,FOX,is-biased,95,qwen3:30b,
253,161,FOX,is-biased,95,qwen3:30b,
136,477,CNN,is-not-biased,95,qwen3:30b,
205,1862,FOX,is-not-biased,90,qwen3:30b,
233,162,FOX,is-not-biased,95,qwen3:30b,
122,792,CNN,is-not-biased,95,qwen3:30b,
114,1863,CNN,is-not-biased,95,qwen3:30b,
128,163,CNN,is-not-biased,95,qwen3:30b,
223,1296,FOX,is-not-biased,95,qwen3:30b,
29,85,BBC,is-not-biased,95,qwen3:30b,
22,793,BBC,is-not-biased,95,qwen3:30b,
141,1297,CNN,is-not-biased,100,qwen3:30b,
276,1864,FOX,is-not-biased,95,qwen3:30b,
230,478,FOX,is-not-biased,95,qwen3:30b,
203,86,FOX,is-not-biased,95,qwen3:30b,
34,479,BBC,is-not-biased,95,qwen3:30b,
230,794,FOX,is-not-biased,95,qwen3:30b,
202,164,FOX,is-not-biased,95,qwen3:30b,
171,1298,CNN,is-not-biased,95,qwen3:30b,
115,1865,CNN,is-not-biased,95,qwen3:30b,
157,1299,CNN,is-not-biased,95,qwen3:30b,
154,480,CNN,is-not-biased,100,qwen3:30b,
208,165,FOX,is-not-biased,95,qwen3:30b,
227,481,FOX,is-not-biased,95,qwen3:30b,
265,1866,FOX,is-not-biased,95,qwen3:30b,
156,796,CNN,is-not-biased,95,qwen3:30b,
20,1300,BBC,is-not-biased,95,qwen3:30b,
253,795,FOX,is-biased,90,qwen3:30b,
174,166,FOX,is-not-biased,90,qwen3:30b,
59,1867,BBC,is-not-biased,90,qwen3:30b,
154,1301,CNN,is-not-biased,95,qwen3:30b,
174,167,FOX,is-not-biased,90,qwen3:30b,
156,122,CNN,is-not-biased,95,qwen3:30b,
114,1868,CNN,is-not-biased,95,qwen3:30b,
233,797,FOX,is-not-biased,95,qwen3:30b,
41,483,BBC,is-not-biased,95,qwen3:30b,
86,798,BBC,is-not-biased,95,qwen3:30b,
288,482,FOX,is-biased,95,qwen3:30b,
175,168,FOX,is-not-biased,95,qwen3:30b,
215,1869,FOX,is-not-biased,90,qwen3:30b,
235,1302,FOX,is-biased,95,qwen3:30b,
32,484,BBC,is-not-biased,95,qwen3:30b,
224,135,FOX,is-not-biased,95,qwen3:30b,
271,169,FOX,is-not-biased,95,qwen3:30b,
113,1870,CNN,is-not-biased,95,qwen3:30b,
216,799,FOX,is-not-biased,95,qwen3:30b,
140,1303,CNN,is-not-biased,90,qwen3:30b,
85,800,BBC,is-not-biased,95,qwen3:30b,
251,82,FOX,is-not-biased,95,qwen3:30b,
130,485,CNN,is-not-biased,95,qwen3:30b,
1,170,BBC,is-not-biased,90,qwen3:30b,
169,1304,CNN,is-not-biased,95,qwen3:30b,
28,1871,BBC,is-not-biased,95,qwen3:30b,
7,486,BBC,is-not-biased,95,qwen3:30b,
176,171,FOX,is-not-biased,95,qwen3:30b,
208,113,FOX,is-not-biased,95,qwen3:30b,
70,1305,BBC,is-not-biased,95,qwen3:30b,
226,801,FOX,is-not-biased,95,qwen3:30b,
106,101,BBC,is-not-biased,95,qwen3:30b,
90,172,BBC,is-not-biased,95,qwen3:30b,
152,487,CNN,is-not-biased,90,qwen3:30b,
19,802,BBC,is-not-biased,95,qwen3:30b,
63,1306,BBC,is-not-biased,95,qwen3:30b,
272,136,FOX,is-not-biased,95,qwen3:30b,
207,1872,FOX,is-not-biased,90,qwen3:30b,
59,1873,BBC,is-not-biased,95,qwen3:30b,
125,173,CNN,is-not-biased,95,qwen3:30b,
144,488,CNN,is-not-biased,95,qwen3:30b,
62,1874,BBC,is-not-biased,95,qwen3:30b,
5,1307,BBC,is-not-biased,95,qwen3:30b,
43,174,BBC,is-not-biased,95,qwen3:30b,
45,489,BBC,is-not-biased,95,qwen3:30b,
133,804,CNN,is-not-biased,95,qwen3:30b,
237,83,FOX,is-not-biased,90,qwen3:30b,
185,803,FOX,is-not-biased,90,qwen3:30b,
38,1308,BBC,is-not-biased,95,qwen3:30b,
54,1875,BBC,is-not-biased,95,qwen3:30b,
5,134,BBC,is-not-biased,95,qwen3:30b,
86,175,BBC,is-not-biased,95,qwen3:30b,
166,490,CNN,is-not-biased,95,qwen3:30b,
209,1309,FOX,is-not-biased,95,qwen3:30b,
112,1876,CNN,is-not-biased,90,qwen3:30b,
211,127,FOX,is-not-biased,95,qwen3:30b,
247,805,FOX,is-not-biased,95,qwen3:30b,
226,176,FOX,is-not-biased,95,qwen3:30b,
24,1310,BBC,is-not-biased,95,qwen3:30b,
133,806,CNN,is-not-biased,95,qwen3:30b,
165,491,CNN,is-not-biased,95,qwen3:30b,
18,177,BBC,is-not-biased,95,qwen3:30b,
276,807,FOX,is-not-biased,95,qwen3:30b,
161,492,CNN,is-not-biased,95,qwen3:30b,
52,1877,BBC,is-not-biased,95,qwen3:30b,
119,130,CNN,is-not-biased,95,qwen3:30b,
240,1311,FOX,is-not-biased,95,qwen3:30b,
171,178,CNN,is-not-biased,95,qwen3:30b,
193,1878,FOX,is-not-biased,95,qwen3:30b,
235,121,FOX,is-biased,95,qwen3:30b,
100,808,BBC,is-not-biased,90,qwen3:30b,
145,493,CNN,is-not-biased,90,qwen3:30b,
101,1312,BBC,is-not-biased,95,qwen3:30b,
115,1879,CNN,is-not-biased,95,qwen3:30b,
156,494,CNN,is-not-biased,95,qwen3:30b,
114,179,CNN,is-not-biased,95,qwen3:30b,
116,809,CNN,is-not-biased,95,qwen3:30b,
168,88,CNN,is-not-biased,90,qwen3:30b,
114,1880,CNN,is-not-biased,95,qwen3:30b,
69,107,BBC,is-not-biased,95,qwen3:30b,
178,1313,FOX,is-not-biased,95,qwen3:30b,
65,1314,BBC,is-not-biased,95,qwen3:30b,
263,495,FOX,is-not-biased,90,qwen3:30b,
123,810,CNN,is-not-biased,95,qwen3:30b,
174,180,FOX,is-not-biased,95,qwen3:30b,
121,80,CNN,is-not-biased,95,qwen3:30b,
116,1881,CNN,is-not-biased,95,qwen3:30b,
210,181,FOX,is-not-biased,95,qwen3:30b,
171,496,CNN,is-not-biased,90,qwen3:30b,
110,1882,CNN,is-not-biased,95,qwen3:30b,
239,1315,FOX,is-not-biased,95,qwen3:30b,
111,182,CNN,is-not-biased,95,qwen3:30b,
146,126,CNN,is-not-biased,95,qwen3:30b,
90,812,BBC,is-not-biased,95,qwen3:30b,
139,497,CNN,is-not-biased,95,qwen3:30b,
184,1316,FOX,is-not-biased,95,qwen3:30b,
10,183,BBC,is-not-biased,95,qwen3:30b,
188,811,FOX,is-biased,95,qwen3:30b,
7,498,BBC,is-not-biased,95,qwen3:30b,
161,125,CNN,is-not-biased,95,qwen3:30b,
211,1883,FOX,is-not-biased,95,qwen3:30b,
61,1884,BBC,is-not-biased,95,qwen3:30b,
69,1317,BBC,is-not-biased,95,qwen3:30b,
267,813,FOX,is-not-biased,95,qwen3:30b,
123,129,CNN,is-not-biased,95,qwen3:30b,
31,499,BBC,is-not-biased,95,qwen3:30b,
118,184,CNN,is-not-biased,95,qwen3:30b,
82,814,BBC,is-not-biased,90,qwen3:30b,
105,1318,BBC,is-not-biased,95,qwen3:30b,
114,1885,CNN,is-not-biased,100,qwen3:30b,
159,185,CNN,is-not-biased,95,qwen3:30b,
136,500,CNN,is-not-biased,95,qwen3:30b,
7,815,BBC,is-not-biased,95,qwen3:30b,
187,106,FOX,is-not-biased,95,qwen3:30b,
54,1886,BBC,is-not-biased,100,qwen3:30b,
33,186,BBC,is-not-biased,95,qwen3:30b,
60,117,BBC,is-not-biased,95,qwen3:30b,
195,1319,FOX,is-not-biased,95,qwen3:30b,
35,1887,BBC,is-not-biased,95,qwen3:30b,
154,501,CNN,is-not-biased,95,qwen3:30b,
103,816,BBC,is-not-biased,95,qwen3:30b,
189,1320,FOX,is-not-biased,95,qwen3:30b,
3,817,BBC,is-not-biased,95,qwen3:30b,
181,118,FOX,is-not-biased,95,qwen3:30b,
286,187,FOX,is-not-biased,90,qwen3:30b,
112,1321,CNN,is-not-biased,95,qwen3:30b,
0,1888,BBC,is-not-biased,95,qwen3:30b,
284,502,FOX,is-not-biased,95,qwen3:30b,
22,188,BBC,is-not-biased,95,qwen3:30b,
101,818,BBC,is-not-biased,95,qwen3:30b,
76,1322,BBC,is-not-biased,95,qwen3:30b,
130,114,CNN,is-not-biased,90,qwen3:30b,
247,132,FOX,is-biased,95,qwen3:30b,
136,189,CNN,is-not-biased,95,qwen3:30b,
268,1889,FOX,is-not-biased,95,qwen3:30b,
173,503,FOX,is-not-biased,90,qwen3:30b,
112,819,CNN,is-not-biased,90,qwen3:30b,
98,1323,BBC,is-not-biased,95,qwen3:30b,
113,1890,CNN,is-not-biased,95,qwen3:30b,
159,98,CNN,is-not-biased,95,qwen3:30b,
109,505,BBC,is-not-biased,95,qwen3:30b,
208,504,FOX,is-not-biased,95,qwen3:30b,
150,820,CNN,is-not-biased,95,qwen3:30b,
61,1324,BBC,is-not-biased,95,qwen3:30b,
235,190,FOX,is-biased,100,qwen3:30b,
58,1891,BBC,is-not-biased,95,qwen3:30b,
252,191,FOX,is-not-biased,95,qwen3:30b,
152,821,CNN,is-not-biased,95,qwen3:30b,
128,1325,CNN,is-not-biased,95,qwen3:30b,
223,506,FOX,is-not-biased,95,qwen3:30b,
13,109,BBC,is-not-biased,95,qwen3:30b,
205,1892,FOX,is-not-biased,95,qwen3:30b,
71,192,BBC,is-not-biased,95,qwen3:30b,
225,507,FOX,is-not-biased,100,qwen3:30b,
50,1893,BBC,is-not-biased,95,qwen3:30b,
213,1326,FOX,is-not-biased,95,qwen3:30b,
157,84,CNN,is-not-biased,95,qwen3:30b,
265,822,FOX,is-not-biased,90,qwen3:30b,
225,508,FOX,is-not-biased,95,qwen3:30b,
159,823,CNN,is-not-biased,95,qwen3:30b,
182,193,FOX,is-biased,95,qwen3:30b,
22,1327,BBC,is-not-biased,95,qwen3:30b,
267,194,FOX,is-not-biased,95,qwen3:30b,
193,1894,FOX,is-not-biased,95,qwen3:30b,
184,824,FOX,is-not-biased,95,qwen3:30b,
62,1895,BBC,is-not-biased,95,qwen3:30b,
87,195,BBC,is-not-biased,95,qwen3:30b,
197,509,FOX,is-not-biased,95,qwen3:30b,
283,1328,FOX,is-biased,85,qwen3:30b,
100,825,BBC,is-not-biased,95,qwen3:30b,
221,99,FOX,is-biased,95,qwen3:30b,
74,510,BBC,is-not-biased,95,qwen3:30b,
112,1896,CNN,is-not-biased,95,qwen3:30b,
116,115,CNN,is-not-biased,95,qwen3:30b,
90,1329,BBC,is-not-biased,90,qwen3:30b,
136,196,CNN,is-not-biased,95,qwen3:30b,
7,826,BBC,is-not-biased,95,qwen3:30b,
59,511,BBC,is-not-biased,90,qwen3:30b,
20,197,BBC,is-not-biased,95,qwen3:30b,
268,1897,FOX,is-not-biased,95,qwen3:30b,
33,512,BBC,is-not-biased,95,qwen3:30b,
69,116,BBC,is-not-biased,95,qwen3:30b,
284,1330,FOX,is-not-biased,95,qwen3:30b,
115,1898,CNN,is-not-biased,95,qwen3:30b,
34,1331,BBC,is-not-biased,95,qwen3:30b,
145,827,CNN,is-not-biased,90,qwen3:30b,
111,198,CNN,is-not-biased,95,qwen3:30b,
59,105,BBC,is-not-biased,90,qwen3:30b,
46,513,BBC,is-not-biased,95,qwen3:30b,
40,1332,BBC,is-not-biased,95,qwen3:30b,
191,828,FOX,is-not-biased,95,qwen3:30b,
156,514,CNN,is-not-biased,100,qwen3:30b,
229,95,FOX,is-not-biased,90,qwen3:30b,
59,1899,BBC,is-not-biased,90,qwen3:30b,
65,199,BBC,is-not-biased,95,qwen3:30b,
76,829,BBC,is-not-biased,95,qwen3:30b,
112,1900,CNN,is-not-biased,95,qwen3:30b,
50,1333,BBC,is-not-biased,95,qwen3:30b,
29,389,BBC,is-not-biased,95,qwen3:30b,
132,1524,CNN,is-not-biased,95,qwen3:30b,
114,1775,CNN,is-not-biased,95,qwen3:30b,
133,1523,CNN,is-not-biased,90,qwen3:30b,
113,1776,CNN,is-not-biased,95,qwen3:30b,
130,1525,CNN,is-not-biased,95,qwen3:30b,
266,390,FOX,is-not-biased,90,qwen3:30b,
184,392,FOX,is-not-biased,95,qwen3:30b,
80,1526,BBC,is-not-biased,90,qwen3:30b,
245,1777,FOX,is-not-biased,90,qwen3:30b,
139,391,CNN,is-not-biased,90,qwen3:30b,
28,1778,BBC,is-not-biased,95,qwen3:30b,
121,393,CNN,is-not-biased,95,qwen3:30b,
112,1779,CNN,is-not-biased,95,qwen3:30b,
137,1527,CNN,is-not-biased,95,qwen3:30b,
112,1780,CNN,is-not-biased,95,qwen3:30b,
114,394,CNN,is-not-biased,95,qwen3:30b,
133,1528,CNN,is-not-biased,90,qwen3:30b,
14,1529,BBC,is-not-biased,95,qwen3:30b,
135,395,CNN,is-not-biased,95,qwen3:30b,
115,1781,CNN,is-not-biased,95,qwen3:30b,
263,396,FOX,is-not-biased,90,qwen3:30b,
236,1531,FOX,is-not-biased,95,qwen3:30b,
230,397,FOX,is-not-biased,95,qwen3:30b,
54,1782,BBC,is-not-biased,95,qwen3:30b,
262,1530,FOX,is-not-biased,90,qwen3:30b,
20,398,BBC,is-not-biased,95,qwen3:30b,
111,1784,CNN,is-not-biased,95,qwen3:30b,
133,1532,CNN,is-not-biased,95,qwen3:30b,
193,1783,FOX,is-not-biased,95,qwen3:30b,
23,399,BBC,is-not-biased,95,qwen3:30b,
116,1785,CNN,is-not-biased,95,qwen3:30b,
129,1533,CNN,is-not-biased,95,qwen3:30b,
208,1534,FOX,is-not-biased,95,qwen3:30b,
129,1535,CNN,is-not-biased,95,qwen3:30b,
273,400,FOX,is-not-biased,90,qwen3:30b,
280,401,FOX,is-not-biased,95,qwen3:30b,
276,1787,FOX,is-not-biased,95,qwen3:30b,
278,1786,FOX,is-biased,90,qwen3:30b,
129,1536,CNN,is-not-biased,95,qwen3:30b,
134,1537,CNN,is-not-biased,95,qwen3:30b,
112,1788,CNN,is-not-biased,90,qwen3:30b,
265,402,FOX,is-not-biased,95,qwen3:30b,
112,1789,CNN,is-not-biased,95,qwen3:30b,
18,405,BBC,is-not-biased,95,qwen3:30b,
249,1538,FOX,is-not-biased,95,qwen3:30b,
234,404,FOX,is-not-biased,95,qwen3:30b,
129,1539,CNN,is-not-biased,95,qwen3:30b,
206,403,FOX,is-not-biased,95,qwen3:30b,
267,1540,FOX,is-not-biased,95,qwen3:30b,
54,1790,BBC,is-not-biased,95,qwen3:30b,
193,1791,FOX,is-not-biased,95,qwen3:30b,
132,407,CNN,is-not-biased,95,qwen3:30b,
131,1541,CNN,is-not-biased,95,qwen3:30b,
194,406,FOX,is-not-biased,95,qwen3:30b,
50,1792,BBC,is-not-biased,95,qwen3:30b,
276,1793,FOX,is-not-biased,95,qwen3:30b,
248,1542,FOX,is-not-biased,90,qwen3:30b,
158,408,CNN,is-not-biased,95,qwen3:30b,
50,1794,BBC,is-not-biased,95,qwen3:30b,
24,1543,BBC,is-not-biased,95,qwen3:30b,
127,409,CNN,is-not-biased,95,qwen3:30b,
123,410,CNN,is-not-biased,95,qwen3:30b,
52,1795,BBC,is-not-biased,90,qwen3:30b,
113,1796,CNN,is-not-biased,90,qwen3:30b,
267,1545,FOX,is-not-biased,95,qwen3:30b,
205,1797,FOX,is-not-biased,90,qwen3:30b,
246,1544,FOX,is-not-biased,95,qwen3:30b,
175,411,FOX,is-biased,95,qwen3:30b,
118,412,CNN,is-not-biased,95,qwen3:30b,
151,413,CNN,is-not-biased,95,qwen3:30b,
133,1547,CNN,is-not-biased,90,qwen3:30b,
71,1546,BBC,is-not-biased,95,qwen3:30b,
276,1798,FOX,is-not-biased,95,qwen3:30b,
131,1548,CNN,is-not-biased,95,qwen3:30b,
76,414,BBC,is-not-biased,95,qwen3:30b,
50,1800,BBC,is-not-biased,95,qwen3:30b,
131,1549,CNN,is-not-biased,95,qwen3:30b,
205,1799,FOX,is-not-biased,90,qwen3:30b,
197,415,FOX,is-not-biased,95,qwen3:30b,
265,1801,FOX,is-not-biased,95,qwen3:30b,
266,416,FOX,is-not-biased,95,qwen3:30b,
130,1550,CNN,is-not-biased,95,qwen3:30b,
30,1802,BBC,is-not-biased,95,qwen3:30b,
236,1551,FOX,is-not-biased,100,qwen3:30b,
3,418,BBC,is-not-biased,95,qwen3:30b,
99,417,BBC,is-not-biased,95,qwen3:30b,
36,1552,BBC,is-not-biased,95,qwen3:30b,
144,419,CNN,is-not-biased,95,qwen3:30b,
205,1803,FOX,is-not-biased,95,qwen3:30b,
77,1553,BBC,is-not-biased,95,qwen3:30b,
116,1805,CNN,is-not-biased,95,qwen3:30b,
212,1804,FOX,is-not-biased,95,qwen3:30b,
156,420,CNN,is-not-biased,95,qwen3:30b,
57,1806,BBC,is-not-biased,95,qwen3:30b,
139,421,CNN,is-biased,90,qwen3:30b,
208,1554,FOX,is-not-biased,95,qwen3:30b,
80,1555,BBC,is-not-biased,95,qwen3:30b,
193,1807,FOX,is-not-biased,95,qwen3:30b,
136,1556,CNN,is-not-biased,95,qwen3:30b,
233,422,FOX,is-not-biased,95,qwen3:30b,
116,1808,CNN,is-not-biased,95,qwen3:30b,
130,1557,CNN,is-not-biased,95,qwen3:30b,
47,1809,BBC,is-not-biased,90,qwen3:30b,
62,424,BBC,is-not-biased,95,qwen3:30b,
200,423,FOX,is-not-biased,95,qwen3:30b,
11,1558,BBC,is-not-biased,95,qwen3:30b,
146,425,CNN,is-not-biased,95,qwen3:30b,
268,1811,FOX,is-not-biased,95,qwen3:30b,
22,426,BBC,is-not-biased,95,qwen3:30b,
229,1559,FOX,is-not-biased,90,qwen3:30b,
265,1810,FOX,is-not-biased,90,qwen3:30b,
130,427,CNN,is-not-biased,95,qwen3:30b,
236,1561,FOX,is-not-biased,95,qwen3:30b,
182,1560,FOX,is-biased,95,qwen3:30b,
110,1812,CNN,is-not-biased,90,qwen3:30b,
161,428,CNN,is-not-biased,90,qwen3:30b,
192,1813,FOX,is-not-biased,95,qwen3:30b,
130,1562,CNN,is-not-biased,95,qwen3:30b,
134,429,CNN,is-not-biased,95,qwen3:30b,
195,1814,FOX,is-not-biased,95,qwen3:30b,
265,1815,FOX,is-not-biased,95,qwen3:30b,
136,1563,CNN,is-not-biased,95,qwen3:30b,
212,430,FOX,is-not-biased,95,qwen3:30b,
65,1564,BBC,is-not-biased,95,qwen3:30b,
222,1816,FOX,is-not-biased,95,qwen3:30b,
111,1817,CNN,is-not-biased,95,qwen3:30b,
182,431,FOX,is-biased,95,qwen3:30b,
265,1818,FOX,is-not-biased,95,qwen3:30b,
267,1566,FOX,is-not-biased,95,qwen3:30b,
237,1565,FOX,is-not-biased,90,qwen3:30b,
242,432,FOX,is-not-biased,95,qwen3:30b,
208,1567,FOX,is-not-biased,95,qwen3:30b,
57,433,BBC,is-not-biased,95,qwen3:30b,
134,1568,CNN,is-not-biased,95,qwen3:30b,
45,1819,BBC,is-not-biased,90,qwen3:30b,
151,435,CNN,is-not-biased,95,qwen3:30b,
110,434,CNN,is-not-biased,95,qwen3:30b,
115,1820,CNN,is-not-biased,95,qwen3:30b,
276,1821,FOX,is-not-biased,95,qwen3:30b,
203,436,FOX,is-not-biased,95,qwen3:30b,
130,1570,CNN,is-not-biased,95,qwen3:30b,
22,437,BBC,is-not-biased,90,qwen3:30b,
130,1571,CNN,is-not-biased,90,qwen3:30b,
114,1822,CNN,is-not-biased,95,qwen3:30b,
235,1569,FOX,is-biased,95,qwen3:30b,
27,1823,BBC,is-not-biased,95,qwen3:30b,
115,1824,CNN,is-not-biased,95,qwen3:30b,
208,1572,FOX,is-not-biased,95,qwen3:30b,
101,439,BBC,is-not-biased,95,qwen3:30b,
13,1825,BBC,is-not-biased,95,qwen3:30b,
136,1573,CNN,is-not-biased,95,qwen3:30b,
133,1574,CNN,is-not-biased,95,qwen3:30b,
245,438,FOX,is-not-biased,90,qwen3:30b,
51,1826,BBC,is-biased,85,qwen3:30b,
145,440,CNN,is-not-biased,90,qwen3:30b,
0,1827,BBC,is-not-biased,95,qwen3:30b,
130,442,CNN,is-not-biased,95,qwen3:30b,
116,1828,CNN,is-not-biased,95,qwen3:30b,
246,1575,FOX,is-not-biased,95,qwen3:30b,
242,1576,FOX,is-not-biased,95,qwen3:30b,
79,1577,BBC,is-not-biased,95,qwen3:30b,
83,443,BBC,is-not-biased,95,qwen3:30b,
253,441,FOX,is-biased,90,qwen3:30b,
267,1578,FOX,is-not-biased,95,qwen3:30b,
220,444,FOX,is-not-biased,95,qwen3:30b,
34,1579,BBC,is-not-biased,95,qwen3:30b,
205,1829,FOX,is-not-biased,95,qwen3:30b,
274,445,FOX,is-not-biased,90,qwen3:30b,
205,1830,FOX,is-not-biased,95,qwen3:30b,
59,1831,BBC,is-not-biased,95,qwen3:30b,
200,1580,FOX,is-not-biased,100,qwen3:30b,
50,1832,BBC,is-not-biased,95,qwen3:30b,
139,447,CNN,is-not-biased,90,qwen3:30b,
187,446,FOX,is-not-biased,95,qwen3:30b,
184,1582,FOX,is-not-biased,95,qwen3:30b,
201,448,FOX,is-not-biased,95,qwen3:30b,
205,1833,FOX,is-not-biased,90,qwen3:30b,
213,1581,FOX,is-not-biased,95,qwen3:30b,
69,1583,BBC,is-not-biased,95,qwen3:30b,
193,1834,FOX,is-not-biased,95,qwen3:30b,
239,449,FOX,is-not-biased,95,qwen3:30b,
195,1835,FOX,is-not-biased,95,qwen3:30b,
267,450,FOX,is-not-biased,95,qwen3:30b,
101,451,BBC,is-not-biased,95,qwen3:30b,
205,1836,FOX,is-not-biased,95,qwen3:30b,
76,1585,BBC,is-not-biased,95,qwen3:30b,
214,1584,FOX,is-not-biased,90,qwen3:30b,
115,1837,CNN,is-not-biased,95,qwen3:30b,
20,30,BBC,is-not-biased,95,qwen3:30b,
